product_id,product_name,category,price,stock_quantity,created_at
1,Keyboard 1,Electronics,1484.39,250,2022-04-24 01:04:46
2,Sneakers 2,Fashion,1474.26,692,2021-11-13 14:50:27
3,Notebook 3,Electronics,1183.03,32,2022-10-09 19:18:29
4,Laptop 4,Electronics,441.18,517,2022-01-10 08:54:56
5,Headphones 5,Electronics,1124.68,733,2023-03-05 06:19:49
6,Notebook 6,Home,444.78,603,2022-02-21 17:38:12
7,T-Shirt 7,Electronics,1518.82,163,2023-05-24 14:48:31
8,Protein Bar 8,Sports,559.35,220,2022-04-21 13:23:01
9,Backpack 9,Electronics,190.03,99,2023-01-18 12:46:31
10,Backpack 10,Sports,1209.43,826,2022-06-29 07:56:53
11,Laptop 11,Beauty,921.55,127,2023-04-29 00:29:35
12,Protein Bar 12,Electronics,1106.32,849,2021-04-08 12:38:55
13,Headphones 13,Sports,1156.82,721,2021-05-12 08:27:43
14,Keyboard 14,Electronics,1324.22,791,2021-03-27 17:47:11
15,T-Shirt 15,Electronics,1711.36,887,2023-01-17 18:55:16
16,Keyboard 16,Home,559.56,650,2022-07-15 16:33:25
17,Backpack 17,Fashion,743.51,214,2021-07-16 04:57:31
18,T-Shirt 18,Beauty,1873.63,663,2021-01-20 22:32:36
19,Keyboard 19,Books,1271.78,546,2022-09-03 14:55:19
20,Sneakers 20,Fashion,927.21,276,2021-12-21 20:57:30
21,Notebook 21,Fashion,1370.81,863,2022-11-09 23:06:51
22,Laptop 22,Fashion,1644.5,824,2021-07-28 02:46:57
23,Backpack 23,Home,539.14,216,2023-04-26 07:55:47
24,Headphones 24,Beauty,632.78,671,2021-03-23 18:25:39
25,Coffee Maker 25,Home,1769.94,658,2023-04-02 14:54:40
26,Coffee Maker 26,Fashion,533.44,252,2022-10-01 04:22:51
27,Notebook 27,Books,529.17,598,2023-01-07 22:00:23
28,Protein Bar 28,Books,801.8,224,2021-11-12 20:14:49
29,Monitor 29,Books,989.56,773,2021-12-31 13:34:48
30,Laptop 30,Electronics,309.92,163,2022-02-24 02:07:50
31,Protein Bar 31,Books,131.74,390,2022-09-15 20:39:06
32,Headphones 32,Home,1060.58,994,2022-11-30 01:20:02
33,Notebook 33,Electronics,1362.17,117,2023-01-25 14:59:41
34,Notebook 34,Sports,1538.35,348,2023-03-16 17:33:34
35,Keyboard 35,Sports,872.36,464,2021-10-26 22:52:09
36,Laptop 36,Beauty,1752.33,269,2021-01-30 17:13:15
37,Notebook 37,Fashion,1017.82,108,2022-11-22 14:46:00
38,T-Shirt 38,Beauty,1017.79,203,2023-03-17 04:53:41
39,Monitor 39,Sports,1526.21,552,2021-08-09 04:05:08
40,Notebook 40,Electronics,1199.89,500,2022-10-31 22:39:41
41,Laptop 41,Electronics,1858.55,899,2022-07-24 06:20:55
42,T-Shirt 42,Fashion,120.56,899,2023-03-15 09:11:29
43,Headphones 43,Electronics,175.88,497,2022-11-28 00:40:48
44,Keyboard 44,Books,1532.84,131,2022-04-09 05:05:54
45,Coffee Maker 45,Books,334.43,540,2022-02-09 05:36:18
46,Headphones 46,Home,1928.9,951,2021-04-09 02:39:50
47,Notebook 47,Beauty,1381.29,730,2021-09-02 07:44:53
48,T-Shirt 48,Home,1990.32,665,2021-09-21 14:59:52
49,Backpack 49,Home,1799.73,462,2022-12-11 09:20:27
50,Keyboard 50,Fashion,453.27,346,2022-10-08 06:50:37
51,Laptop 51,Books,1110.07,602,2023-05-17 03:52:42
52,Sneakers 52,Electronics,146.63,646,2021-06-07 07:47:14
53,Laptop 53,Fashion,139.46,32,2021-06-22 06:53:37
54,Backpack 54,Electronics,1030.74,285,2023-04-25 07:41:29
55,Coffee Maker 55,Fashion,1080.77,740,2021-05-13 10:04:29
56,Headphones 56,Books,947.98,803,2021-04-15 03:24:01
57,Coffee Maker 57,Home,384.87,99,2022-02-01 02:44:58
58,Protein Bar 58,Sports,850.04,478,2021-02-02 15:10:51
59,Laptop 59,Beauty,1308.64,661,2021-09-16 19:14:16
60,Keyboard 60,Electronics,808.23,347,2023-01-28 21:23:59
61,Keyboard 61,Fashion,387.22,549,2022-02-08 11:10:58
62,Coffee Maker 62,Fashion,846.65,285,2021-10-11 04:43:24
63,Coffee Maker 63,Fashion,1749.6,77,2022-07-01 21:37:36
64,Coffee Maker 64,Books,200.33,667,2021-09-23 04:40:45
65,Notebook 65,Electronics,1938.15,948,2023-03-04 07:40:25
66,Sneakers 66,Fashion,815.8,492,2021-07-15 20:19:23
67,Sneakers 67,Home,1805.37,168,2023-02-08 12:00:50
68,Protein Bar 68,Electronics,1970.69,271,2023-02-28 03:16:57
69,Coffee Maker 69,Sports,848.9,980,2021-10-08 19:21:02
70,Notebook 70,Beauty,1438.22,158,2022-11-11 07:44:03
71,Sneakers 71,Sports,439.31,59,2021-12-04 04:50:24
72,Headphones 72,Beauty,1086.68,765,2021-03-02 09:09:34
73,Backpack 73,Electronics,105.03,488,2021-03-11 01:10:43
74,Notebook 74,Books,319.08,983,2021-12-18 06:45:05
75,Notebook 75,Electronics,1703.43,70,2022-06-29 15:18:28
76,Headphones 76,Electronics,1352.05,240,2021-05-19 21:10:15
77,Protein Bar 77,Electronics,1883.48,583,2023-05-02 06:03:05
78,Sneakers 78,Books,1191.07,634,2022-07-11 13:04:18
79,Keyboard 79,Home,1316.46,578,2021-07-10 13:41:17
80,Notebook 80,Sports,1869.74,209,2023-01-28 06:24:08
81,Backpack 81,Fashion,534.9,134,2022-05-19 14:21:16
82,T-Shirt 82,Home,635.77,769,2021-03-02 10:14:04
83,Keyboard 83,Electronics,919.28,576,2022-04-14 09:46:00
84,Keyboard 84,Electronics,1077.58,518,2023-03-04 01:39:20
85,T-Shirt 85,Fashion,1866.85,902,2021-11-19 07:15:30
86,Keyboard 86,Fashion,742.21,161,2021-02-17 01:52:55
87,Coffee Maker 87,Books,1408.56,626,2022-11-21 15:42:19
88,Notebook 88,Electronics,1337.39,567,2023-05-19 16:30:56
89,T-Shirt 89,Beauty,211.66,899,2022-12-09 07:51:05
90,Monitor 90,Sports,235.28,109,2022-02-17 13:53:13
91,Notebook 91,Fashion,548.33,619,2021-06-19 02:12:48
92,Sneakers 92,Beauty,689.05,703,2021-04-08 06:38:09
93,T-Shirt 93,Books,979.62,927,2023-02-20 14:44:19
94,Laptop 94,Electronics,1270.4,849,2021-12-25 04:44:56
95,T-Shirt 95,Electronics,12.07,789,2022-10-26 18:58:42
96,Monitor 96,Beauty,1959.7,165,2022-07-28 04:04:26
97,Coffee Maker 97,Books,1412.81,574,2023-02-04 21:21:45
98,Laptop 98,Electronics,155.11,904,2022-02-03 11:26:23
99,Monitor 99,Books,76.88,378,2021-12-11 18:24:12
100,Headphones 100,Books,300.45,130,2023-05-14 19:36:27
101,Laptop 101,Sports,732.48,955,2021-10-19 21:35:58
102,Laptop 102,Sports,424.1,255,2023-02-15 15:35:11
103,Keyboard 103,Sports,1561.33,905,2022-04-20 12:14:12
104,Protein Bar 104,Books,1500.21,947,2022-07-19 17:21:08
105,Sneakers 105,Fashion,1952.53,830,2022-08-12 23:26:29
106,Monitor 106,Home,54.45,754,2022-08-16 19:41:55
107,Backpack 107,Home,1605.46,884,2021-07-23 09:37:30
108,Sneakers 108,Sports,322.6,718,2021-12-07 03:45:40
109,Keyboard 109,Home,1744.97,879,2022-04-20 12:07:18
110,Coffee Maker 110,Fashion,403.15,940,2022-09-27 11:07:17
111,Coffee Maker 111,Sports,613.86,814,2022-04-29 12:25:59
112,Sneakers 112,Fashion,52.21,197,2022-06-30 05:02:36
113,Protein Bar 113,Sports,560.81,71,2021-07-09 21:41:30
114,T-Shirt 114,Sports,1284.76,409,2022-12-27 09:14:48
115,Notebook 115,Sports,1878.78,118,2021-10-27 19:11:46
116,T-Shirt 116,Fashion,1163.28,271,2021-06-05 21:24:59
117,Laptop 117,Electronics,1195.16,353,2022-09-09 02:00:37
118,Backpack 118,Home,1214.39,523,2022-04-25 23:32:34
119,Keyboard 119,Home,1799.51,194,2022-01-08 00:33:01
120,T-Shirt 120,Electronics,1419.03,1,2021-07-08 03:08:07
121,Notebook 121,Books,1375.28,962,2022-09-19 06:19:58
122,Sneakers 122,Sports,865.44,971,2021-01-02 12:40:54
123,Backpack 123,Books,631.26,868,2021-09-22 13:39:15
124,Keyboard 124,Beauty,1800.59,519,2021-08-08 18:25:28
125,T-Shirt 125,Beauty,819.74,412,2022-10-19 12:25:41
126,T-Shirt 126,Books,258.94,430,2023-01-06 13:27:54
127,Protein Bar 127,Beauty,1497.53,178,2021-10-10 11:17:45
128,Headphones 128,Books,605.39,561,2022-11-19 03:27:03
129,Laptop 129,Sports,577.39,440,2022-09-16 12:53:07
130,Headphones 130,Books,1311.14,476,2022-09-16 05:50:08
131,Coffee Maker 131,Home,1352.88,523,2021-06-13 11:44:15
132,Coffee Maker 132,Beauty,343.53,86,2021-04-24 17:14:58
133,T-Shirt 133,Books,1329.39,634,2022-03-14 10:20:01
134,Backpack 134,Electronics,1637.75,769,2022-11-02 05:03:40
135,Sneakers 135,Beauty,624.29,825,2021-04-01 15:40:51
136,Sneakers 136,Fashion,53.73,250,2022-09-28 21:11:28
137,Coffee Maker 137,Books,1700.23,74,2021-01-25 09:32:57
138,Coffee Maker 138,Home,1772.84,589,2021-06-08 19:18:41
139,Sneakers 139,Beauty,1394.23,506,2021-03-18 01:41:33
140,Protein Bar 140,Fashion,299.4,704,2021-09-22 07:00:40
141,Laptop 141,Electronics,1557.95,224,2022-01-18 15:23:20
142,Monitor 142,Beauty,1038.33,51,2022-07-09 19:35:30
143,Notebook 143,Fashion,1835.35,124,2021-09-04 12:16:36
144,Coffee Maker 144,Fashion,1603.83,683,2023-03-28 23:11:50
145,Notebook 145,Books,1192.93,972,2022-04-07 01:48:01
146,Coffee Maker 146,Books,1630.94,913,2022-08-01 06:22:45
147,Notebook 147,Home,1661.99,561,2021-11-16 04:11:04
148,Coffee Maker 148,Fashion,1488.59,486,2021-08-06 13:34:07
149,Coffee Maker 149,Sports,1504.79,860,2022-12-24 04:32:10
150,T-Shirt 150,Books,971.77,244,2021-11-10 12:22:28
151,T-Shirt 151,Home,159.58,292,2022-01-06 06:47:09
152,Sneakers 152,Sports,675.02,914,2023-05-16 11:38:17
153,Notebook 153,Electronics,281.06,236,2022-11-22 19:51:46
154,Protein Bar 154,Beauty,309.85,219,2022-11-07 23:32:41
155,Keyboard 155,Home,818.16,555,2021-06-17 08:57:56
156,Coffee Maker 156,Home,129.22,852,2021-04-26 18:35:54
157,Protein Bar 157,Home,1810.15,598,2022-08-21 13:50:17
158,Laptop 158,Books,763.86,6,2021-06-27 17:28:38
159,Backpack 159,Sports,1508.18,873,2022-04-28 12:47:36
160,Protein Bar 160,Books,1496.29,559,2021-02-20 19:31:38
161,Headphones 161,Fashion,979.02,279,2021-08-25 22:15:39
162,Protein Bar 162,Home,62.9,344,2022-08-22 10:28:16
163,Protein Bar 163,Beauty,334.26,478,2022-10-11 00:21:32
164,Monitor 164,Books,1070.58,928,2021-10-23 18:54:19
165,Protein Bar 165,Books,1130.96,27,2022-12-08 21:35:59
166,Keyboard 166,Beauty,860.08,887,2022-09-05 12:34:34
167,Coffee Maker 167,Fashion,105.32,388,2023-02-10 11:24:24
168,Backpack 168,Fashion,912.13,345,2021-04-15 03:55:34
169,Protein Bar 169,Sports,1505.26,851,2022-09-24 19:35:32
170,Protein Bar 170,Sports,1670.65,481,2022-12-10 12:30:13
171,Laptop 171,Beauty,1081.14,974,2023-01-01 08:46:38
172,Backpack 172,Fashion,1302.04,799,2021-02-09 12:43:32
173,Laptop 173,Electronics,1899.48,204,2022-11-02 14:56:16
174,Laptop 174,Books,309.0,129,2022-03-27 09:56:22
175,Coffee Maker 175,Beauty,233.21,970,2022-09-06 21:00:53
176,Sneakers 176,Home,1400.43,785,2021-07-18 05:07:51
177,Backpack 177,Fashion,1213.76,986,2022-01-31 22:55:59
178,Keyboard 178,Fashion,1929.62,110,2021-05-09 11:23:42
179,Headphones 179,Electronics,1858.13,589,2021-06-13 09:35:59
180,Protein Bar 180,Home,1883.23,203,2022-09-13 02:58:20
181,Keyboard 181,Books,1382.78,642,2022-12-04 07:39:35
182,Sneakers 182,Electronics,1395.9,308,2021-08-28 09:38:54
183,Headphones 183,Electronics,1593.47,579,2021-01-10 02:04:23
184,Laptop 184,Sports,1067.83,677,2021-10-31 19:44:22
185,Backpack 185,Electronics,1014.39,349,2022-05-17 01:24:03
186,Laptop 186,Home,1645.55,108,2023-01-26 09:33:56
187,Protein Bar 187,Sports,1272.99,848,2021-08-27 04:31:59
188,Coffee Maker 188,Beauty,310.22,180,2023-01-28 12:00:50
189,Notebook 189,Beauty,543.81,827,2021-04-22 19:46:32
190,Notebook 190,Home,932.42,845,2021-10-24 03:39:25
191,Headphones 191,Sports,648.0,251,2023-02-28 21:16:31
192,Keyboard 192,Sports,1763.85,249,2022-03-03 21:43:58
193,Coffee Maker 193,Books,1222.61,388,2021-09-14 16:50:57
194,Backpack 194,Electronics,991.14,332,2022-06-15 22:54:21
195,Monitor 195,Home,428.18,816,2022-07-04 12:33:19
196,T-Shirt 196,Sports,562.92,610,2022-03-29 00:28:44
197,T-Shirt 197,Books,25.25,970,2022-04-25 02:07:49
198,Sneakers 198,Electronics,486.51,416,2023-04-25 15:27:39
199,Coffee Maker 199,Books,1517.54,707,2021-01-31 16:49:15
200,Coffee Maker 200,Beauty,1425.13,458,2021-10-16 06:11:22
201,Laptop 201,Electronics,592.0,414,2021-04-15 11:49:28
202,Sneakers 202,Sports,1329.6,377,2023-02-08 20:53:26
203,Coffee Maker 203,Books,1064.19,435,2022-05-25 14:09:35
204,Notebook 204,Sports,706.86,464,2023-01-08 02:39:29
205,T-Shirt 205,Sports,506.55,123,2021-08-10 14:03:24
206,Sneakers 206,Sports,243.51,548,2023-03-12 21:21:39
207,Monitor 207,Fashion,436.69,495,2021-03-11 22:26:51
208,T-Shirt 208,Beauty,1181.23,778,2021-05-27 03:46:19
209,Notebook 209,Books,569.58,102,2021-11-14 14:56:59
210,Sneakers 210,Sports,458.83,183,2021-07-24 04:33:06
211,T-Shirt 211,Electronics,1417.5,129,2022-08-03 12:26:02
212,T-Shirt 212,Electronics,1948.72,566,2022-07-16 03:36:23
213,T-Shirt 213,Beauty,1888.46,653,2022-11-30 05:58:40
214,Coffee Maker 214,Electronics,1746.08,587,2021-11-14 04:56:47
215,T-Shirt 215,Home,960.03,348,2021-11-07 05:53:48
216,Monitor 216,Electronics,508.69,882,2021-12-09 03:59:58
217,Coffee Maker 217,Electronics,1645.12,410,2022-10-13 22:05:52
218,Coffee Maker 218,Electronics,1156.16,702,2021-07-30 00:38:39
219,Laptop 219,Fashion,302.65,576,2022-01-08 01:19:23
220,T-Shirt 220,Electronics,1987.87,121,2023-05-22 14:24:54
221,Notebook 221,Home,1214.6,809,2021-06-05 07:18:44
222,Headphones 222,Fashion,1552.51,389,2022-05-18 20:19:05
223,Coffee Maker 223,Home,598.22,602,2021-12-30 18:03:52
224,Protein Bar 224,Sports,1139.42,61,2023-03-20 01:37:24
225,Headphones 225,Beauty,202.97,781,2021-11-20 07:09:00
226,Sneakers 226,Beauty,426.0,676,2021-08-30 09:02:59
227,Keyboard 227,Fashion,483.53,565,2021-03-14 17:22:30
228,Keyboard 228,Fashion,10.34,461,2022-12-30 13:02:34
229,Headphones 229,Home,586.06,237,2023-05-18 22:01:09
230,T-Shirt 230,Beauty,569.02,880,2021-09-16 06:59:38
231,Coffee Maker 231,Electronics,1376.33,946,2023-02-07 16:09:19
232,T-Shirt 232,Beauty,1181.63,823,2022-10-13 22:26:28
233,Sneakers 233,Home,233.98,230,2021-12-26 16:50:56
234,Monitor 234,Sports,1654.13,73,2022-07-30 18:13:13
235,Laptop 235,Fashion,1586.29,609,2022-01-17 04:25:52
236,Headphones 236,Sports,881.11,479,2021-11-30 08:49:13
237,T-Shirt 237,Beauty,808.0,278,2021-01-15 13:58:58
238,Notebook 238,Books,990.12,82,2021-06-26 21:06:34
239,Headphones 239,Electronics,1779.4,752,2023-04-12 06:44:30
240,Backpack 240,Books,504.48,93,2023-04-28 23:00:31
241,Sneakers 241,Beauty,1672.74,589,2021-08-07 18:07:34
242,Headphones 242,Electronics,1999.15,688,2022-09-18 23:44:55
243,T-Shirt 243,Books,85.26,774,2022-09-02 13:39:54
244,Monitor 244,Home,1040.33,452,2021-07-26 03:46:04
245,T-Shirt 245,Fashion,1993.91,446,2021-06-30 21:07:47
246,Coffee Maker 246,Electronics,942.67,418,2022-11-09 17:17:02
247,Backpack 247,Sports,1341.92,878,2023-05-28 14:07:14
248,Monitor 248,Sports,826.23,507,2021-11-01 12:13:34
249,T-Shirt 249,Beauty,1890.66,833,2022-10-28 03:33:16
250,Notebook 250,Electronics,912.38,322,2022-05-31 11:01:15
251,T-Shirt 251,Sports,236.26,791,2021-02-24 11:27:37
252,Protein Bar 252,Books,1650.73,1,2022-10-15 00:58:07
253,Notebook 253,Home,829.43,192,2022-04-24 13:40:53
254,Notebook 254,Sports,1247.15,510,2022-11-24 12:01:46
255,Coffee Maker 255,Electronics,411.1,562,2021-04-30 00:43:00
256,Monitor 256,Sports,879.04,715,2023-05-06 22:58:58
257,Coffee Maker 257,Electronics,62.59,645,2023-04-06 18:23:16
258,Headphones 258,Fashion,1421.02,318,2022-08-18 18:41:10
259,Notebook 259,Electronics,1106.74,95,2021-07-02 10:59:40
260,Sneakers 260,Electronics,925.59,120,2021-12-26 17:46:32
261,Monitor 261,Home,1865.64,298,2021-08-06 15:30:09
262,Notebook 262,Beauty,550.48,854,2022-01-26 06:50:00
263,Coffee Maker 263,Home,491.24,564,2023-04-14 02:51:19
264,Monitor 264,Home,385.27,613,2021-08-14 03:16:01
265,Notebook 265,Beauty,1759.26,884,2022-05-28 04:29:07
266,Keyboard 266,Sports,1546.49,874,2022-09-14 10:13:43
267,Protein Bar 267,Sports,1868.83,519,2021-10-07 00:58:48
268,T-Shirt 268,Electronics,569.26,305,2021-07-05 19:22:39
269,Headphones 269,Books,1997.81,501,2022-12-23 15:07:43
270,Monitor 270,Home,1079.47,353,2022-02-26 09:58:00
271,Backpack 271,Books,1526.93,386,2022-03-26 16:11:36
272,Coffee Maker 272,Sports,1739.86,714,2021-01-22 21:52:32
273,Sneakers 273,Books,769.03,876,2022-06-06 07:48:04
274,Protein Bar 274,Electronics,639.76,484,2022-01-27 03:19:34
275,Protein Bar 275,Home,1976.89,811,2022-02-27 07:32:06
276,Monitor 276,Home,1929.82,129,2021-05-25 12:45:01
277,Notebook 277,Books,667.33,102,2022-12-11 22:38:12
278,Coffee Maker 278,Electronics,1054.27,467,2023-01-19 04:17:28
279,Laptop 279,Beauty,292.59,891,2023-02-15 21:45:13
280,Monitor 280,Electronics,941.63,992,2021-07-24 02:01:32
281,T-Shirt 281,Sports,1248.4,407,2021-06-13 03:42:52
282,Keyboard 282,Sports,1705.42,879,2022-09-24 12:10:02
283,Notebook 283,Home,1908.51,641,2023-03-23 06:42:59
284,Coffee Maker 284,Books,76.62,70,2021-06-07 21:56:23
285,Sneakers 285,Beauty,1370.38,294,2021-01-06 09:32:54
286,Sneakers 286,Beauty,185.31,100,2022-06-02 16:08:07
287,Keyboard 287,Home,336.9,306,2021-06-24 02:10:56
288,Laptop 288,Electronics,652.13,57,2021-12-21 20:11:29
289,T-Shirt 289,Sports,752.81,149,2023-05-15 09:02:04
290,Sneakers 290,Books,827.04,698,2022-11-10 17:42:40
291,Monitor 291,Fashion,354.26,624,2022-04-09 07:10:48
292,Protein Bar 292,Books,1367.85,509,2022-03-18 09:05:44
293,Headphones 293,Fashion,468.22,653,2021-04-27 18:21:55
294,T-Shirt 294,Home,514.38,9,2021-04-03 02:27:18
295,Coffee Maker 295,Sports,1356.83,161,2023-02-08 20:36:23
296,Keyboard 296,Home,1890.75,601,2021-10-05 11:22:18
297,T-Shirt 297,Beauty,1924.25,706,2023-01-09 06:57:48
298,T-Shirt 298,Home,1691.38,203,2022-05-16 17:02:09
299,Protein Bar 299,Home,217.77,390,2021-02-10 03:21:17
300,Headphones 300,Sports,1151.75,716,2023-03-21 09:22:37
301,T-Shirt 301,Electronics,1956.0,674,2021-08-17 00:31:56
302,Protein Bar 302,Sports,21.16,885,2022-10-26 16:50:40
303,Laptop 303,Books,1491.62,852,2021-07-17 05:55:05
304,T-Shirt 304,Fashion,1216.09,360,2023-02-17 02:54:15
305,Sneakers 305,Beauty,384.31,256,2021-06-14 20:54:11
306,Monitor 306,Beauty,198.84,642,2022-06-28 17:18:43
307,Laptop 307,Sports,1578.28,34,2021-04-19 02:13:52
308,Headphones 308,Sports,1466.06,92,2021-09-17 18:50:28
309,T-Shirt 309,Sports,1496.22,179,2022-10-05 16:35:28
310,Sneakers 310,Fashion,1574.09,897,2023-02-12 02:48:14
311,Backpack 311,Books,1006.08,279,2023-02-07 01:33:59
312,Monitor 312,Sports,1828.53,966,2021-02-13 05:20:38
313,Coffee Maker 313,Sports,1494.39,346,2022-01-13 20:14:05
314,Keyboard 314,Home,1925.97,144,2023-05-25 23:40:19
315,Sneakers 315,Beauty,1449.81,406,2022-07-03 05:28:33
316,Notebook 316,Sports,185.15,404,2023-03-26 12:37:42
317,Laptop 317,Sports,1075.46,465,2022-04-22 07:11:43
318,Backpack 318,Beauty,1499.28,268,2022-12-31 11:13:55
319,Headphones 319,Home,1645.72,962,2023-04-26 22:24:58
320,Backpack 320,Electronics,1351.3,482,2022-10-15 20:53:43
321,Laptop 321,Books,1769.05,574,2021-06-26 10:30:55
322,Backpack 322,Books,446.63,64,2021-09-15 21:00:03
323,Coffee Maker 323,Beauty,607.87,418,2022-02-27 14:23:55
324,Keyboard 324,Fashion,95.47,38,2021-12-23 22:18:03
325,T-Shirt 325,Home,236.66,240,2022-06-13 06:10:41
326,Notebook 326,Fashion,780.35,379,2021-09-22 04:58:38
327,Notebook 327,Home,1176.74,744,2021-03-14 16:12:52
328,Monitor 328,Home,1311.57,853,2021-03-01 11:24:16
329,Coffee Maker 329,Books,819.19,974,2023-02-24 11:08:03
330,T-Shirt 330,Electronics,1382.11,222,2021-11-16 07:33:15
331,Coffee Maker 331,Home,1901.36,875,2022-09-18 18:06:09
332,Backpack 332,Electronics,1961.95,376,2022-12-12 16:38:27
333,Notebook 333,Beauty,720.55,407,2021-10-21 23:45:25
334,T-Shirt 334,Fashion,1936.57,971,2022-02-20 15:31:21
335,Coffee Maker 335,Electronics,1327.22,657,2022-09-13 10:29:06
336,Headphones 336,Electronics,105.9,341,2021-06-11 01:37:56
337,Sneakers 337,Fashion,1575.02,210,2021-08-29 04:33:06
338,Keyboard 338,Books,418.28,221,2021-09-22 08:58:49
339,Sneakers 339,Sports,1549.87,807,2022-04-24 09:29:17
340,Headphones 340,Electronics,558.16,148,2021-04-20 09:21:29
341,Monitor 341,Books,505.06,178,2023-05-12 07:55:02
342,Keyboard 342,Beauty,1733.56,134,2023-02-01 20:13:32
343,Laptop 343,Sports,1581.02,243,2021-12-02 20:58:56
344,Headphones 344,Sports,36.48,271,2022-06-17 15:15:47
345,Laptop 345,Fashion,1484.73,538,2022-04-16 06:38:32
346,Keyboard 346,Beauty,131.8,459,2023-01-27 13:00:45
347,Backpack 347,Books,1189.36,462,2021-03-01 16:42:56
348,Notebook 348,Fashion,1891.1,44,2022-09-02 20:19:32
349,Notebook 349,Sports,918.79,987,2021-07-01 17:16:36
350,Laptop 350,Electronics,1997.18,867,2022-10-15 16:32:09
351,Protein Bar 351,Home,1373.76,502,2023-05-07 11:12:03
352,Coffee Maker 352,Electronics,1799.04,329,2022-01-08 05:44:38
353,Headphones 353,Fashion,136.04,281,2021-05-25 16:40:02
354,Headphones 354,Beauty,1172.8,729,2023-01-27 06:49:57
355,Backpack 355,Home,1989.28,543,2022-04-18 20:53:02
356,T-Shirt 356,Home,1013.57,440,2021-09-24 04:04:14
357,Keyboard 357,Beauty,233.26,670,2021-07-13 16:50:16
358,Notebook 358,Beauty,1731.66,440,2021-11-01 04:14:04
359,Coffee Maker 359,Fashion,830.56,847,2022-10-29 21:16:23
360,Coffee Maker 360,Home,834.9,97,2022-09-02 20:04:31
361,Backpack 361,Home,628.48,261,2021-08-04 23:02:44
362,Backpack 362,Fashion,1375.21,485,2022-12-03 02:14:22
363,Keyboard 363,Electronics,1664.38,95,2022-11-05 09:40:04
364,Protein Bar 364,Electronics,1490.45,381,2023-01-28 18:58:17
365,Monitor 365,Books,124.66,979,2023-02-15 21:05:06
366,Notebook 366,Books,662.64,125,2021-05-27 23:58:48
367,Protein Bar 367,Sports,1747.85,963,2021-10-29 16:38:08
368,Protein Bar 368,Beauty,107.63,294,2021-08-04 19:05:35
369,Headphones 369,Sports,706.53,591,2021-08-27 07:37:17
370,Notebook 370,Fashion,313.69,493,2022-07-12 22:07:59
371,Sneakers 371,Electronics,703.48,569,2021-04-18 11:02:13
372,Backpack 372,Electronics,1526.4,587,2022-06-20 02:18:09
373,Sneakers 373,Home,1691.08,997,2023-01-06 16:31:11
374,Headphones 374,Books,1351.58,570,2022-05-08 01:45:09
375,Laptop 375,Books,1858.52,849,2022-05-07 04:17:25
376,T-Shirt 376,Electronics,364.93,719,2022-06-04 18:22:35
377,T-Shirt 377,Sports,705.29,185,2022-03-16 15:25:22
378,Monitor 378,Books,1316.4,71,2022-08-24 06:10:50
379,Monitor 379,Beauty,1268.18,31,2022-05-20 14:08:08
380,Keyboard 380,Beauty,1063.31,385,2023-02-13 03:25:31
381,Protein Bar 381,Home,685.09,378,2022-05-26 10:58:27
382,T-Shirt 382,Beauty,652.14,964,2022-12-24 08:16:07
383,Headphones 383,Books,174.49,53,2023-01-16 17:04:34
384,Monitor 384,Fashion,1510.1,50,2021-03-03 14:14:46
385,Keyboard 385,Sports,889.01,434,2021-03-23 18:27:56
386,Coffee Maker 386,Books,886.88,279,2022-03-17 12:21:32
387,Sneakers 387,Books,232.07,440,2023-03-17 03:35:36
388,Keyboard 388,Sports,1358.04,607,2022-06-29 21:16:46
389,Coffee Maker 389,Books,1335.93,46,2021-09-28 17:35:46
390,Sneakers 390,Home,1968.97,56,2022-04-30 08:29:26
391,Laptop 391,Fashion,606.33,216,2022-08-11 17:16:23
392,Monitor 392,Sports,582.45,122,2021-01-22 14:35:46
393,Laptop 393,Home,1495.29,179,2022-09-21 23:51:45
394,Monitor 394,Home,1067.5,235,2022-05-07 14:29:40
395,Notebook 395,Books,1667.54,825,2022-07-10 09:18:40
396,Backpack 396,Electronics,797.16,759,2021-04-27 01:43:11
397,Laptop 397,Home,42.39,943,2022-09-26 05:00:58
398,Keyboard 398,Sports,1153.64,587,2022-09-18 04:34:40
399,Protein Bar 399,Beauty,1282.08,296,2022-06-09 20:43:49
400,Keyboard 400,Home,46.61,332,2021-02-14 21:59:28
401,Monitor 401,Books,922.89,706,2023-01-10 17:17:17
402,Backpack 402,Electronics,876.24,108,2021-01-25 14:49:55
403,Sneakers 403,Home,1179.8,536,2022-02-10 13:19:28
404,Keyboard 404,Home,1741.7,763,2023-05-15 08:33:26
405,Backpack 405,Fashion,669.47,172,2021-04-13 10:28:15
406,Keyboard 406,Books,1268.28,543,2022-03-17 04:58:41
407,Notebook 407,Fashion,1812.32,357,2021-12-27 12:54:33
408,Backpack 408,Beauty,1916.66,660,2021-09-10 02:46:31
409,Monitor 409,Fashion,210.1,262,2022-04-29 00:41:43
410,Sneakers 410,Fashion,1206.79,778,2022-01-25 23:10:20
411,Keyboard 411,Fashion,1902.83,643,2023-04-20 04:24:46
412,Coffee Maker 412,Home,1510.12,778,2023-04-08 15:20:57
413,Headphones 413,Home,1363.86,903,2022-02-22 18:00:11
414,Headphones 414,Beauty,1272.42,639,2023-04-03 03:23:02
415,Backpack 415,Beauty,635.7,450,2021-01-08 19:04:43
416,Keyboard 416,Home,887.21,310,2021-01-06 05:05:05
417,T-Shirt 417,Books,117.06,519,2021-01-16 14:29:40
418,Keyboard 418,Sports,926.18,38,2021-01-05 16:54:28
419,Laptop 419,Sports,1664.23,78,2023-01-07 02:15:54
420,Keyboard 420,Books,1190.19,393,2022-11-03 09:33:47
421,Coffee Maker 421,Books,1110.86,810,2021-08-15 06:13:34
422,Laptop 422,Home,1818.55,585,2022-04-29 15:12:25
423,Sneakers 423,Sports,1211.99,513,2022-05-19 20:21:55
424,Monitor 424,Electronics,903.79,830,2021-03-17 14:02:00
425,Backpack 425,Beauty,173.24,661,2021-01-22 19:28:02
426,Monitor 426,Electronics,499.25,448,2022-02-04 02:47:16
427,Coffee Maker 427,Books,1047.88,162,2022-08-24 06:07:29
428,Backpack 428,Sports,1836.28,396,2022-02-17 05:24:46
429,Protein Bar 429,Sports,1359.4,53,2022-04-29 13:29:27
430,Backpack 430,Electronics,662.73,571,2022-07-22 01:31:59
431,Protein Bar 431,Sports,507.73,872,2022-01-09 17:58:26
432,Headphones 432,Fashion,670.06,596,2022-02-08 23:50:55
433,Monitor 433,Sports,623.91,671,2022-02-23 22:28:31
434,Protein Bar 434,Fashion,1192.11,960,2021-04-05 18:08:48
435,Keyboard 435,Sports,1120.05,658,2021-06-22 15:29:42
436,Backpack 436,Fashion,1341.88,848,2022-03-26 03:21:08
437,Notebook 437,Electronics,1293.82,433,2023-04-20 16:30:05
438,Notebook 438,Sports,41.37,316,2023-01-19 19:28:32
439,Monitor 439,Fashion,686.76,784,2023-04-09 10:36:54
440,Coffee Maker 440,Fashion,456.95,140,2023-01-04 11:47:29
441,Monitor 441,Electronics,595.11,807,2021-03-10 03:42:47
442,Keyboard 442,Books,1542.9,855,2022-09-16 16:19:58
443,Notebook 443,Electronics,1325.55,897,2022-11-06 20:16:50
444,Headphones 444,Fashion,1196.51,157,2022-06-25 23:40:37
445,Monitor 445,Fashion,1663.53,789,2022-05-26 09:39:15
446,Headphones 446,Fashion,1443.76,44,2021-09-18 06:47:12
447,Protein Bar 447,Sports,1354.34,243,2023-05-03 20:37:17
448,Coffee Maker 448,Books,573.43,766,2022-05-16 18:50:35
449,Coffee Maker 449,Fashion,1070.35,316,2021-09-26 13:30:01
450,Coffee Maker 450,Fashion,738.84,969,2022-12-22 04:26:25
451,Headphones 451,Home,926.05,288,2021-09-10 08:37:22
452,Protein Bar 452,Books,1057.28,989,2023-01-10 05:43:00
453,Monitor 453,Fashion,1603.51,141,2023-05-20 09:54:15
454,T-Shirt 454,Electronics,1284.15,895,2021-12-07 01:05:43
455,Backpack 455,Books,1868.92,728,2021-08-24 22:41:36
456,Notebook 456,Electronics,573.7,781,2022-06-01 00:35:17
457,Monitor 457,Sports,901.39,525,2023-01-03 16:16:13
458,Monitor 458,Home,187.97,932,2021-04-23 15:10:33
459,Sneakers 459,Home,1769.84,952,2022-06-28 16:45:34
460,Laptop 460,Home,111.25,514,2021-11-10 20:47:14
461,Backpack 461,Fashion,775.4,83,2021-04-28 12:27:55
462,Backpack 462,Fashion,61.23,953,2022-05-11 01:07:31
463,Keyboard 463,Beauty,1301.67,810,2021-01-07 21:14:45
464,Monitor 464,Fashion,81.41,939,2022-02-14 00:23:24
465,Coffee Maker 465,Beauty,1663.07,777,2023-04-25 06:23:17
466,Coffee Maker 466,Home,1232.62,927,2021-04-14 13:09:15
467,Keyboard 467,Electronics,515.57,855,2022-11-17 10:48:01
468,Monitor 468,Books,1880.75,623,2021-12-11 12:19:26
469,Notebook 469,Home,226.82,295,2021-11-10 12:32:00
470,Sneakers 470,Sports,248.09,244,2021-05-19 14:28:51
471,Protein Bar 471,Beauty,1588.83,468,2021-07-21 09:06:59
472,Keyboard 472,Electronics,1674.19,511,2021-07-08 18:18:44
473,Headphones 473,Books,37.79,527,2021-01-07 14:36:12
474,Headphones 474,Fashion,1438.5,298,2021-03-29 03:01:26
475,Protein Bar 475,Electronics,1231.55,246,2021-11-10 03:56:08
476,Headphones 476,Home,378.69,684,2021-02-05 07:41:32
477,Keyboard 477,Books,1949.44,69,2022-02-01 00:18:54
478,Notebook 478,Books,1017.12,519,2022-05-13 15:31:01
479,Notebook 479,Electronics,783.96,481,2021-08-16 03:13:03
480,Laptop 480,Beauty,776.83,382,2021-01-05 12:00:13
481,T-Shirt 481,Beauty,37.4,807,2023-05-18 11:56:59
482,Keyboard 482,Sports,486.05,672,2022-09-16 09:23:57
483,Keyboard 483,Books,1471.7,340,2021-05-04 17:04:51
484,Monitor 484,Electronics,707.84,346,2022-05-11 18:22:08
485,Monitor 485,Beauty,931.92,712,2021-08-23 19:25:48
486,Coffee Maker 486,Beauty,368.64,138,2022-05-08 02:22:00
487,Keyboard 487,Beauty,1553.5,468,2022-11-26 21:30:15
488,Laptop 488,Sports,407.17,810,2023-03-31 21:53:16
489,Sneakers 489,Electronics,634.61,317,2022-04-26 22:44:36
490,Notebook 490,Home,1978.3,556,2022-09-18 08:49:36
491,Coffee Maker 491,Sports,78.06,662,2022-06-20 02:38:38
492,Sneakers 492,Sports,717.16,799,2021-04-27 09:43:11
493,Laptop 493,Beauty,667.19,127,2021-06-27 01:09:59
494,Backpack 494,Home,1779.53,761,2021-01-06 11:07:04
495,Coffee Maker 495,Home,681.38,191,2022-06-19 00:05:59
496,Coffee Maker 496,Beauty,997.56,946,2021-09-22 05:13:12
497,Notebook 497,Sports,1603.29,744,2022-09-01 06:12:15
498,Protein Bar 498,Electronics,864.06,842,2022-08-12 21:56:03
499,Monitor 499,Books,591.06,105,2023-03-31 03:26:33
500,Keyboard 500,Sports,1323.53,313,2021-08-08 21:27:28
501,Coffee Maker 501,Books,1436.74,170,2022-08-28 12:39:31
502,Coffee Maker 502,Sports,897.02,744,2021-11-22 16:28:28
503,Backpack 503,Books,1996.31,281,2022-12-09 18:28:05
504,Laptop 504,Electronics,1344.01,415,2021-11-02 02:37:14
505,Backpack 505,Books,1603.19,695,2022-11-12 12:07:30
506,Monitor 506,Electronics,289.85,622,2021-03-02 03:23:34
507,Coffee Maker 507,Electronics,256.83,241,2022-02-08 21:51:01
508,Backpack 508,Sports,768.79,580,2022-02-21 02:34:53
509,Laptop 509,Books,311.11,460,2021-02-19 13:11:00
510,Backpack 510,Sports,890.66,78,2021-09-22 04:02:46
511,Headphones 511,Fashion,1061.27,407,2022-08-30 07:16:59
512,Backpack 512,Beauty,560.99,983,2022-08-27 16:37:46
513,Keyboard 513,Electronics,1472.67,511,2021-10-10 09:41:25
514,Notebook 514,Home,1827.52,120,2021-04-05 14:13:41
515,T-Shirt 515,Sports,1409.56,219,2021-04-29 15:16:55
516,Headphones 516,Sports,1389.49,502,2021-10-31 01:30:39
517,Sneakers 517,Electronics,275.78,75,2022-05-31 05:47:37
518,Coffee Maker 518,Fashion,1797.86,455,2021-02-28 04:59:04
519,Keyboard 519,Beauty,1935.28,327,2023-01-21 03:33:08
520,Backpack 520,Beauty,134.55,555,2022-01-26 19:21:32
521,T-Shirt 521,Sports,1703.47,728,2022-07-17 12:25:09
522,Monitor 522,Sports,1019.97,124,2023-05-05 01:24:57
523,Sneakers 523,Fashion,477.29,505,2022-05-30 04:14:34
524,Laptop 524,Sports,1110.27,377,2022-04-16 00:56:48
525,Coffee Maker 525,Books,263.89,905,2022-05-20 21:55:21
526,Keyboard 526,Electronics,622.03,734,2022-01-28 17:09:47
527,Coffee Maker 527,Books,824.54,419,2022-06-13 15:44:21
528,Headphones 528,Electronics,255.03,324,2022-02-26 03:59:45
529,Keyboard 529,Home,934.34,529,2023-04-20 14:02:17
530,Backpack 530,Fashion,1756.53,798,2023-03-08 18:10:09
531,Notebook 531,Beauty,1177.63,786,2021-07-02 13:12:13
532,Monitor 532,Home,1008.21,889,2023-05-15 01:43:51
533,Laptop 533,Electronics,1038.61,311,2022-05-12 07:27:13
534,Monitor 534,Fashion,648.71,726,2021-08-02 08:37:32
535,Sneakers 535,Sports,1895.23,531,2022-02-18 01:59:22
536,T-Shirt 536,Electronics,504.96,650,2021-09-12 02:26:57
537,Notebook 537,Sports,254.71,310,2021-09-10 23:13:00
538,Headphones 538,Books,191.39,656,2022-10-27 17:26:34
539,Monitor 539,Books,1883.51,157,2022-12-16 17:02:18
540,Monitor 540,Beauty,1250.84,923,2021-06-21 03:26:15
541,Headphones 541,Sports,1685.85,577,2021-08-15 12:17:46
542,Laptop 542,Electronics,167.04,971,2022-11-05 23:20:14
543,Headphones 543,Sports,1304.0,785,2021-02-15 06:05:55
544,Headphones 544,Home,1238.13,31,2021-12-18 17:14:03
545,Coffee Maker 545,Beauty,1093.43,657,2022-10-11 13:16:56
546,T-Shirt 546,Home,493.53,826,2021-08-20 08:29:00
547,Protein Bar 547,Sports,909.82,705,2021-05-23 04:05:04
548,Laptop 548,Fashion,882.01,495,2022-11-24 13:15:17
549,Coffee Maker 549,Fashion,683.68,147,2022-01-11 00:26:27
550,Backpack 550,Beauty,642.04,881,2021-05-28 17:23:38
551,Backpack 551,Home,265.88,379,2021-07-29 04:35:36
552,Notebook 552,Books,216.84,247,2021-10-14 02:46:47
553,Coffee Maker 553,Electronics,538.61,253,2021-05-13 22:56:16
554,Monitor 554,Electronics,105.96,968,2022-06-10 13:08:37
555,Protein Bar 555,Books,839.18,985,2021-12-16 08:49:30
556,Monitor 556,Sports,1867.83,738,2023-04-28 03:48:44
557,Backpack 557,Fashion,1527.43,510,2022-01-01 11:45:59
558,Notebook 558,Home,1000.03,315,2021-03-16 06:43:48
559,Coffee Maker 559,Electronics,184.65,402,2023-03-12 13:27:44
560,Notebook 560,Home,1933.54,220,2022-04-24 05:48:56
561,Headphones 561,Sports,102.07,288,2021-12-23 03:01:22
562,Coffee Maker 562,Books,1765.27,669,2021-05-15 17:24:07
563,Coffee Maker 563,Sports,1075.7,867,2023-03-26 10:23:22
564,Keyboard 564,Home,272.2,270,2021-02-12 15:42:04
565,Backpack 565,Home,735.05,410,2021-04-13 14:24:46
566,Laptop 566,Books,1125.82,371,2021-01-01 16:01:28
567,Notebook 567,Sports,151.7,516,2022-06-14 02:30:15
568,Coffee Maker 568,Books,563.04,638,2021-07-22 06:13:45
569,Headphones 569,Electronics,261.68,99,2023-04-12 17:59:28
570,Protein Bar 570,Sports,1590.82,347,2021-06-15 06:40:10
571,Notebook 571,Sports,1511.16,203,2023-01-02 07:08:34
572,Headphones 572,Books,805.77,41,2022-01-27 05:07:50
573,Laptop 573,Electronics,278.39,341,2021-03-04 20:43:52
574,Coffee Maker 574,Books,916.69,620,2021-08-09 02:15:57
575,Notebook 575,Fashion,659.29,627,2022-07-01 17:56:19
576,Backpack 576,Fashion,788.94,631,2021-05-24 05:19:37
577,T-Shirt 577,Books,676.07,848,2022-07-22 18:13:37
578,Notebook 578,Books,982.24,576,2022-05-08 19:22:21
579,T-Shirt 579,Home,1632.42,377,2022-01-24 17:45:00
580,Backpack 580,Beauty,223.66,426,2022-10-19 10:33:42
581,Headphones 581,Sports,1594.53,742,2021-05-18 09:56:16
582,Laptop 582,Books,951.81,990,2022-06-23 10:03:42
583,Headphones 583,Books,458.95,52,2021-07-09 15:36:34
584,Headphones 584,Home,345.17,644,2021-02-05 08:26:29
585,Headphones 585,Home,299.81,697,2021-08-10 08:23:08
586,Sneakers 586,Electronics,1147.28,717,2022-04-13 11:27:22
587,Keyboard 587,Fashion,42.78,321,2021-11-25 01:41:11
588,Protein Bar 588,Fashion,828.86,208,2021-11-18 03:37:08
589,Protein Bar 589,Books,1551.07,942,2021-10-25 05:40:33
590,Coffee Maker 590,Beauty,1456.17,722,2023-01-08 06:33:21
591,Monitor 591,Books,418.65,332,2022-06-09 00:45:24
592,Coffee Maker 592,Books,756.77,979,2021-02-22 13:26:55
593,Monitor 593,Home,1824.69,350,2022-12-24 20:40:15
594,Notebook 594,Sports,1353.36,888,2021-03-19 01:40:44
595,T-Shirt 595,Books,970.94,980,2022-11-12 09:26:30
596,Sneakers 596,Sports,1118.38,230,2021-04-07 22:33:04
597,T-Shirt 597,Sports,1411.28,706,2022-10-17 14:24:22
598,Coffee Maker 598,Sports,962.21,573,2022-08-08 17:34:20
599,T-Shirt 599,Sports,248.14,692,2021-04-18 08:11:58
600,Notebook 600,Home,1792.04,404,2021-08-14 22:02:11
601,Backpack 601,Fashion,584.45,294,2021-08-08 06:38:52
602,Keyboard 602,Sports,1848.4,671,2022-01-07 22:53:19
603,T-Shirt 603,Beauty,960.76,206,2022-12-19 09:49:34
604,Notebook 604,Sports,1866.38,712,2021-03-04 14:49:03
605,T-Shirt 605,Fashion,222.91,758,2022-02-19 15:12:33
606,Headphones 606,Fashion,488.7,685,2021-10-17 05:52:53
607,Notebook 607,Fashion,1277.7,53,2021-11-14 03:40:27
608,Keyboard 608,Home,663.94,483,2021-08-13 15:01:42
609,Keyboard 609,Beauty,1542.68,5,2023-04-10 10:55:18
610,Notebook 610,Fashion,816.78,957,2023-02-23 19:35:54
611,Coffee Maker 611,Home,1302.82,774,2021-09-14 00:29:48
612,T-Shirt 612,Sports,574.4,60,2023-01-12 20:12:51
613,Keyboard 613,Beauty,1150.4,547,2022-01-20 23:48:36
614,Laptop 614,Fashion,838.68,857,2022-02-03 15:09:53
615,Monitor 615,Electronics,1994.36,406,2021-03-06 20:35:05
616,Coffee Maker 616,Fashion,1873.53,985,2021-02-26 14:26:22
617,T-Shirt 617,Electronics,23.49,581,2022-05-24 01:50:57
618,Headphones 618,Electronics,1857.27,343,2023-03-20 23:02:53
619,T-Shirt 619,Home,1978.25,556,2022-05-01 02:16:39
620,Notebook 620,Home,1779.07,137,2021-12-31 11:00:36
621,Notebook 621,Home,549.31,828,2021-03-23 10:02:34
622,Keyboard 622,Sports,329.18,469,2021-08-17 13:26:51
623,T-Shirt 623,Beauty,376.47,754,2021-10-16 12:53:41
624,Backpack 624,Sports,1137.72,775,2022-03-31 23:49:05
625,Sneakers 625,Fashion,1223.85,654,2021-04-14 09:17:22
626,Protein Bar 626,Home,1032.98,88,2022-10-07 14:49:48
627,Protein Bar 627,Beauty,195.29,143,2023-04-18 08:54:24
628,Coffee Maker 628,Sports,1871.97,6,2023-01-28 00:52:38
629,T-Shirt 629,Home,474.86,771,2023-05-16 15:37:27
630,T-Shirt 630,Sports,607.38,740,2022-08-26 19:29:59
631,Headphones 631,Electronics,526.8,368,2021-07-22 16:39:53
632,Sneakers 632,Electronics,1337.23,476,2022-04-03 13:14:13
633,T-Shirt 633,Fashion,813.81,514,2021-04-26 04:51:19
634,T-Shirt 634,Beauty,239.24,938,2021-11-01 08:47:24
635,T-Shirt 635,Sports,1231.18,224,2022-10-17 21:25:12
636,Monitor 636,Home,310.61,765,2022-05-03 23:48:52
637,Headphones 637,Sports,834.61,562,2021-09-16 16:23:47
638,Coffee Maker 638,Books,1604.98,845,2022-09-20 08:01:09
639,Sneakers 639,Fashion,1362.28,610,2021-04-02 18:21:21
640,Keyboard 640,Books,896.26,720,2022-05-27 14:22:47
641,Backpack 641,Electronics,1834.9,114,2021-08-28 22:59:25
642,Laptop 642,Books,1806.26,207,2023-05-10 03:06:03
643,Headphones 643,Books,303.96,335,2022-02-18 06:46:21
644,Notebook 644,Home,236.9,210,2021-11-25 21:22:06
645,Headphones 645,Home,186.43,522,2022-06-05 00:22:09
646,Coffee Maker 646,Electronics,909.6,525,2023-01-21 07:39:02
647,Protein Bar 647,Home,1130.0,572,2023-02-03 10:37:40
648,Coffee Maker 648,Beauty,1614.8,740,2022-12-24 05:59:06
649,Laptop 649,Home,512.64,3,2021-04-16 15:07:32
650,Sneakers 650,Books,150.69,433,2022-08-07 06:12:48
651,Backpack 651,Beauty,132.2,61,2021-05-16 06:59:50
652,Keyboard 652,Home,68.31,418,2023-02-27 19:14:54
653,Monitor 653,Fashion,1532.83,746,2022-07-15 22:36:13
654,Protein Bar 654,Sports,1985.75,391,2021-08-05 14:43:34
655,Coffee Maker 655,Home,754.41,699,2023-01-15 12:57:13
656,Notebook 656,Fashion,1308.8,356,2021-09-11 05:43:54
657,Keyboard 657,Fashion,1985.73,402,2021-05-11 16:56:48
658,Notebook 658,Fashion,1457.08,228,2021-09-25 14:51:05
659,Laptop 659,Electronics,1957.09,474,2022-09-02 23:32:48
660,Notebook 660,Home,1066.21,843,2021-07-10 08:10:14
661,Sneakers 661,Fashion,923.95,158,2021-05-18 02:49:11
662,T-Shirt 662,Fashion,1875.13,742,2021-11-16 18:37:03
663,Keyboard 663,Electronics,1619.91,429,2021-09-29 15:10:36
664,Headphones 664,Electronics,485.13,68,2021-09-28 19:04:01
665,Keyboard 665,Books,71.98,612,2022-09-10 18:39:24
666,Laptop 666,Fashion,1482.38,411,2022-09-09 18:01:20
667,Coffee Maker 667,Fashion,1081.82,772,2023-04-28 23:06:10
668,Laptop 668,Fashion,1010.27,296,2022-02-15 02:39:13
669,Sneakers 669,Beauty,1154.34,591,2021-08-02 16:39:00
670,Headphones 670,Beauty,1637.67,242,2021-11-03 13:49:14
671,T-Shirt 671,Fashion,1971.46,533,2022-08-05 13:44:32
672,Sneakers 672,Home,604.5,62,2022-05-02 03:48:00
673,Notebook 673,Books,1760.03,933,2022-03-06 01:16:51
674,Monitor 674,Beauty,1359.11,569,2022-11-14 22:14:12
675,Coffee Maker 675,Electronics,1944.72,964,2022-12-31 16:13:37
676,Protein Bar 676,Books,640.88,426,2021-06-19 18:25:44
677,Protein Bar 677,Fashion,603.28,188,2022-03-30 00:05:50
678,Notebook 678,Home,485.73,230,2023-05-04 08:37:54
679,T-Shirt 679,Beauty,292.98,474,2022-08-24 06:54:08
680,Laptop 680,Books,828.29,426,2021-05-16 13:06:56
681,Notebook 681,Books,272.52,248,2021-05-03 16:04:23
682,T-Shirt 682,Fashion,663.87,80,2023-01-26 02:20:34
683,Coffee Maker 683,Sports,189.47,741,2022-02-02 21:34:58
684,Sneakers 684,Electronics,540.58,689,2023-01-18 04:24:50
685,Headphones 685,Books,83.9,74,2022-02-16 10:52:40
686,Sneakers 686,Books,1449.99,572,2022-09-10 14:13:49
687,Sneakers 687,Home,421.73,928,2022-09-18 18:00:12
688,Backpack 688,Sports,1914.25,15,2022-06-28 12:12:42
689,Sneakers 689,Fashion,1924.34,120,2022-12-03 05:45:20
690,Coffee Maker 690,Fashion,1392.77,720,2021-06-03 13:23:09
691,Sneakers 691,Home,1830.68,565,2022-05-27 19:42:20
692,Backpack 692,Sports,764.42,546,2022-08-20 17:55:31
693,Backpack 693,Sports,526.82,525,2022-12-25 05:56:53
694,Coffee Maker 694,Home,201.72,739,2022-12-19 16:39:58
695,Coffee Maker 695,Sports,1829.09,379,2022-01-05 12:52:35
696,Backpack 696,Home,96.2,884,2022-01-09 15:31:06
697,Sneakers 697,Beauty,296.12,267,2022-09-22 03:06:52
698,Notebook 698,Books,1160.39,427,2021-09-04 04:58:32
699,T-Shirt 699,Fashion,396.4,235,2022-06-03 17:32:34
700,Protein Bar 700,Books,1667.56,511,2023-04-05 05:12:35
701,Notebook 701,Beauty,1887.21,345,2022-11-17 01:31:10
702,T-Shirt 702,Home,1933.18,657,2021-06-03 22:42:18
703,Coffee Maker 703,Home,340.63,814,2021-08-18 14:40:00
704,Backpack 704,Fashion,284.22,559,2021-12-16 21:12:53
705,Coffee Maker 705,Fashion,1834.21,555,2021-02-27 13:33:46
706,Laptop 706,Books,72.48,867,2023-01-13 19:40:19
707,Keyboard 707,Beauty,101.79,6,2023-04-14 14:49:44
708,Protein Bar 708,Fashion,1685.88,236,2023-05-05 02:25:36
709,Keyboard 709,Beauty,306.3,223,2021-02-26 17:24:52
710,Notebook 710,Home,749.54,632,2023-04-27 19:20:58
711,Headphones 711,Home,1320.27,16,2021-02-14 00:14:47
712,Laptop 712,Books,1105.53,12,2023-04-14 03:32:11
713,Laptop 713,Books,1445.77,548,2021-01-21 21:08:15
714,T-Shirt 714,Electronics,1006.92,714,2022-10-14 20:46:03
715,Protein Bar 715,Fashion,218.5,98,2022-10-14 04:21:54
716,Notebook 716,Fashion,485.73,634,2021-05-25 03:49:58
717,Notebook 717,Sports,1631.35,273,2023-05-09 14:59:18
718,Protein Bar 718,Electronics,749.24,415,2023-05-05 10:37:08
719,Coffee Maker 719,Books,490.2,713,2021-12-28 19:06:37
720,Sneakers 720,Sports,1369.66,868,2022-10-29 07:01:53
721,Keyboard 721,Beauty,1983.39,665,2022-06-30 06:00:56
722,Laptop 722,Electronics,813.53,386,2021-06-16 15:37:03
723,Notebook 723,Home,116.95,9,2022-10-14 23:40:50
724,Monitor 724,Electronics,1002.22,444,2021-02-03 06:32:20
725,Backpack 725,Books,1954.77,997,2023-03-06 12:15:26
726,Keyboard 726,Books,1838.71,235,2022-04-07 06:38:06
727,Sneakers 727,Beauty,1775.67,486,2021-09-08 01:32:51
728,T-Shirt 728,Electronics,1848.7,700,2022-04-08 03:43:14
729,T-Shirt 729,Books,1129.2,33,2021-07-20 22:49:48
730,Monitor 730,Sports,36.24,212,2023-05-23 02:37:11
731,Headphones 731,Fashion,1505.75,729,2021-11-20 20:38:57
732,Protein Bar 732,Electronics,602.06,577,2022-08-23 04:44:31
733,Sneakers 733,Books,1670.13,398,2022-09-28 16:11:57
734,Notebook 734,Sports,770.77,757,2021-12-07 18:38:10
735,Monitor 735,Beauty,1449.71,512,2022-12-02 18:57:43
736,Backpack 736,Electronics,199.88,237,2022-11-05 16:05:57
737,Keyboard 737,Sports,1212.31,628,2023-05-29 21:37:06
738,Headphones 738,Home,1938.0,334,2021-09-21 13:08:00
739,Laptop 739,Beauty,550.29,461,2022-09-24 08:37:43
740,Coffee Maker 740,Fashion,714.84,963,2022-12-18 13:57:42
741,Protein Bar 741,Home,375.55,599,2021-12-11 07:53:39
742,Protein Bar 742,Electronics,1545.47,302,2022-11-17 08:27:54
743,Sneakers 743,Beauty,151.65,274,2023-02-20 06:53:17
744,Monitor 744,Home,1424.8,649,2022-04-21 04:13:13
745,Monitor 745,Beauty,782.3,369,2021-05-03 16:21:35
746,Keyboard 746,Electronics,15.36,315,2022-05-18 07:31:07
747,Coffee Maker 747,Sports,1523.89,104,2021-07-26 22:58:07
748,Monitor 748,Electronics,378.85,459,2021-05-10 11:12:15
749,Notebook 749,Books,1027.32,105,2022-12-17 07:50:32
750,Laptop 750,Electronics,711.06,95,2021-03-06 01:14:05
751,Headphones 751,Books,1569.96,884,2021-10-22 15:41:59
752,Protein Bar 752,Electronics,587.24,397,2022-07-14 04:54:10
753,Keyboard 753,Beauty,1802.77,926,2022-02-20 10:50:33
754,Sneakers 754,Books,1044.6,701,2022-01-22 23:53:26
755,Protein Bar 755,Fashion,281.99,308,2022-06-27 14:59:01
756,T-Shirt 756,Home,296.14,171,2021-05-01 05:06:05
757,Protein Bar 757,Sports,845.1,495,2022-12-22 10:21:27
758,Keyboard 758,Sports,507.14,252,2021-11-24 09:46:35
759,Coffee Maker 759,Books,1235.25,468,2021-06-20 07:01:15
760,Keyboard 760,Fashion,612.79,971,2023-03-02 00:40:06
761,Protein Bar 761,Sports,1684.02,389,2021-06-18 19:40:01
762,Backpack 762,Home,672.8,835,2021-05-07 23:33:20
763,Headphones 763,Fashion,604.37,617,2023-01-08 01:46:48
764,Sneakers 764,Home,631.8,987,2022-07-27 03:30:47
765,Protein Bar 765,Sports,586.44,711,2021-03-01 20:42:28
766,Coffee Maker 766,Books,1565.04,333,2022-04-14 12:23:20
767,Protein Bar 767,Sports,1633.91,402,2023-02-12 10:51:43
768,Backpack 768,Electronics,1864.47,204,2022-02-11 13:24:11
769,Headphones 769,Books,363.95,786,2022-09-19 12:41:07
770,Notebook 770,Electronics,1906.24,472,2022-12-19 19:52:09
771,Sneakers 771,Home,1596.38,851,2022-05-19 07:51:18
772,Keyboard 772,Home,1347.59,142,2021-08-04 20:27:17
773,T-Shirt 773,Fashion,509.1,157,2023-02-16 11:49:33
774,Protein Bar 774,Home,152.56,612,2022-04-07 15:10:15
775,Coffee Maker 775,Books,804.61,518,2021-08-17 23:29:15
776,Protein Bar 776,Books,78.35,991,2021-06-18 20:53:47
777,Backpack 777,Beauty,1791.53,549,2022-04-04 09:34:36
778,Headphones 778,Beauty,1829.23,111,2022-09-25 03:19:25
779,Sneakers 779,Beauty,1331.06,170,2021-09-02 22:13:05
780,Headphones 780,Electronics,1128.62,660,2022-09-01 04:36:19
781,Protein Bar 781,Sports,1931.6,440,2022-01-20 02:50:10
782,Keyboard 782,Electronics,201.72,227,2021-11-27 22:38:57
783,Notebook 783,Beauty,1040.0,594,2021-12-07 03:32:12
784,Headphones 784,Fashion,894.33,400,2022-11-18 03:57:01
785,Coffee Maker 785,Beauty,1179.24,512,2021-03-31 14:25:00
786,Monitor 786,Sports,1995.42,494,2022-08-03 06:14:02
787,Keyboard 787,Sports,834.87,984,2022-04-13 13:03:24
788,Keyboard 788,Electronics,1663.48,747,2021-06-09 11:06:07
789,Monitor 789,Sports,627.22,466,2022-08-13 07:24:12
790,Sneakers 790,Books,968.44,487,2022-05-23 22:22:55
791,Keyboard 791,Home,1445.38,463,2021-01-28 12:27:29
792,Backpack 792,Electronics,604.03,829,2023-04-12 01:44:09
793,Keyboard 793,Electronics,1699.11,663,2022-07-09 02:21:55
794,Keyboard 794,Beauty,1601.1,952,2022-09-24 03:23:17
795,Sneakers 795,Books,353.03,163,2021-10-01 05:58:08
796,Backpack 796,Books,855.61,473,2023-05-16 01:03:06
797,Sneakers 797,Home,1261.37,190,2021-08-08 04:38:26
798,Protein Bar 798,Home,63.24,628,2021-04-27 18:05:52
799,Sneakers 799,Home,1186.45,398,2021-12-27 00:32:56
800,Laptop 800,Beauty,433.52,285,2021-11-02 23:15:31
801,Keyboard 801,Books,208.0,892,2022-05-23 12:18:49
802,Notebook 802,Fashion,734.76,201,2022-03-19 23:26:26
803,Coffee Maker 803,Electronics,528.4,883,2023-03-31 04:50:23
804,Coffee Maker 804,Books,1932.0,320,2023-04-26 19:31:22
805,Headphones 805,Home,1224.56,601,2021-04-20 10:25:21
806,Keyboard 806,Sports,707.21,468,2022-04-13 08:16:24
807,Headphones 807,Fashion,1628.41,722,2022-12-31 11:34:11
808,T-Shirt 808,Books,1182.39,688,2021-06-15 21:55:08
809,Monitor 809,Sports,240.13,312,2022-03-09 00:22:52
810,Keyboard 810,Fashion,749.75,144,2022-01-13 23:09:27
811,Notebook 811,Home,839.39,141,2022-08-23 09:57:49
812,Headphones 812,Home,848.96,498,2021-06-30 03:43:41
813,Notebook 813,Beauty,1838.73,953,2021-07-18 19:48:06
814,Monitor 814,Books,337.9,295,2021-08-22 22:14:22
815,Monitor 815,Fashion,632.59,461,2022-07-10 12:25:33
816,Headphones 816,Electronics,1731.72,974,2022-07-04 20:42:21
817,Laptop 817,Home,277.39,834,2021-02-20 18:20:54
818,Protein Bar 818,Books,1013.35,506,2021-06-30 18:08:11
819,Protein Bar 819,Beauty,985.99,727,2023-05-16 00:34:21
820,Coffee Maker 820,Home,338.67,578,2021-06-27 22:00:22
821,Laptop 821,Fashion,587.72,281,2021-11-26 08:29:15
822,Sneakers 822,Books,580.9,799,2023-05-07 19:34:16
823,Coffee Maker 823,Books,1486.32,784,2021-02-14 09:48:00
824,Coffee Maker 824,Books,1024.06,586,2023-05-26 23:54:35
825,Keyboard 825,Sports,1551.35,843,2022-02-20 04:34:46
826,Backpack 826,Books,1646.11,42,2023-01-08 14:47:02
827,Coffee Maker 827,Books,440.99,435,2023-03-31 12:19:36
828,Keyboard 828,Beauty,1660.99,769,2022-12-20 20:18:33
829,Sneakers 829,Sports,1750.25,33,2021-03-07 21:18:10
830,Coffee Maker 830,Sports,700.41,836,2023-05-12 08:28:56
831,Keyboard 831,Home,1731.25,120,2022-05-01 02:52:37
832,Sneakers 832,Fashion,1622.35,602,2023-04-28 02:35:16
833,Backpack 833,Beauty,1222.47,438,2022-05-01 18:25:41
834,Monitor 834,Books,282.77,211,2022-05-31 18:25:52
835,Sneakers 835,Electronics,1142.3,545,2022-12-25 08:30:02
836,T-Shirt 836,Books,1079.84,331,2022-01-25 21:30:17
837,T-Shirt 837,Sports,1147.61,975,2021-03-03 01:13:51
838,Notebook 838,Beauty,1631.29,138,2022-05-10 17:57:36
839,Protein Bar 839,Electronics,1985.01,887,2022-05-25 13:11:07
840,Monitor 840,Beauty,1732.83,255,2021-02-03 12:55:07
841,Monitor 841,Beauty,647.58,253,2021-08-20 22:17:01
842,Protein Bar 842,Home,288.63,647,2022-03-03 16:40:43
843,T-Shirt 843,Beauty,831.38,462,2022-01-30 09:04:13
844,Keyboard 844,Beauty,1590.22,787,2021-03-16 10:22:11
845,Keyboard 845,Home,1033.65,284,2023-02-09 08:41:38
846,Backpack 846,Home,1900.76,335,2021-04-26 01:00:30
847,Headphones 847,Electronics,1738.47,867,2022-07-30 05:09:29
848,Keyboard 848,Beauty,1944.44,650,2022-03-15 01:39:31
849,Backpack 849,Electronics,1592.38,407,2022-08-26 23:12:11
850,Sneakers 850,Home,1650.57,506,2022-09-15 01:17:13
851,T-Shirt 851,Sports,1657.55,345,2023-01-04 20:45:32
852,Notebook 852,Books,265.54,872,2022-01-10 09:03:54
853,Coffee Maker 853,Sports,1788.84,780,2022-12-22 22:39:30
854,Laptop 854,Electronics,203.65,802,2022-12-07 10:17:24
855,Coffee Maker 855,Electronics,252.85,878,2022-04-01 13:47:56
856,Monitor 856,Home,915.75,981,2022-07-07 05:52:19
857,Protein Bar 857,Fashion,1991.41,931,2022-12-08 03:31:30
858,Monitor 858,Beauty,607.22,895,2022-05-24 03:47:16
859,T-Shirt 859,Electronics,1310.9,256,2022-01-30 19:41:57
860,Keyboard 860,Sports,1330.7,664,2021-06-21 05:22:01
861,Monitor 861,Electronics,795.7,312,2022-03-04 03:45:12
862,Sneakers 862,Home,1312.69,720,2021-08-29 22:57:13
863,Keyboard 863,Electronics,430.78,79,2021-07-01 05:06:15
864,Monitor 864,Books,456.25,696,2021-09-22 10:00:46
865,Coffee Maker 865,Electronics,21.08,351,2021-02-20 08:00:44
866,Keyboard 866,Home,1389.59,489,2022-09-28 05:08:45
867,Keyboard 867,Fashion,769.22,748,2022-12-24 22:02:15
868,Keyboard 868,Electronics,630.14,902,2021-01-19 19:01:51
869,T-Shirt 869,Fashion,768.53,832,2022-09-02 13:54:53
870,Monitor 870,Beauty,1985.92,146,2022-06-26 23:49:10
871,Keyboard 871,Books,1128.77,624,2021-04-10 05:45:33
872,Monitor 872,Home,705.62,218,2022-05-03 14:43:31
873,Monitor 873,Home,1234.07,453,2022-10-17 19:24:34
874,Sneakers 874,Electronics,1793.7,143,2022-06-12 11:15:09
875,Keyboard 875,Books,1461.37,359,2023-05-16 22:16:05
876,Protein Bar 876,Sports,1583.2,253,2022-04-05 12:03:41
877,T-Shirt 877,Beauty,173.08,566,2022-08-03 14:06:23
878,Headphones 878,Books,1443.75,291,2022-08-01 19:05:22
879,Laptop 879,Beauty,1752.28,210,2022-02-09 19:08:24
880,Notebook 880,Books,1021.5,765,2022-07-07 18:40:24
881,Protein Bar 881,Sports,1294.11,802,2021-07-08 21:13:17
882,Sneakers 882,Home,774.84,246,2022-06-11 13:17:00
883,Coffee Maker 883,Beauty,1189.89,540,2021-05-19 10:02:09
884,Laptop 884,Sports,1868.18,135,2022-06-20 00:52:42
885,Protein Bar 885,Books,844.62,559,2022-11-03 09:04:18
886,Monitor 886,Home,1909.13,788,2023-01-30 13:30:35
887,Keyboard 887,Electronics,1176.79,14,2022-05-25 06:48:16
888,T-Shirt 888,Fashion,84.45,61,2023-04-17 09:19:22
889,Protein Bar 889,Books,576.54,729,2021-07-30 23:37:12
890,Notebook 890,Home,850.03,411,2021-07-14 20:25:56
891,Keyboard 891,Beauty,1075.45,630,2021-11-22 23:10:49
892,Monitor 892,Sports,171.78,80,2023-04-23 23:46:47
893,Notebook 893,Fashion,1948.76,159,2023-04-27 02:49:36
894,Notebook 894,Sports,784.51,649,2022-01-28 12:44:49
895,Keyboard 895,Sports,1398.86,747,2021-06-03 04:10:33
896,Sneakers 896,Electronics,492.74,946,2021-03-31 18:48:48
897,Protein Bar 897,Electronics,909.48,623,2022-08-11 09:50:22
898,Laptop 898,Sports,1333.83,673,2022-02-04 03:31:23
899,Monitor 899,Electronics,30.27,140,2021-07-08 11:24:14
900,Laptop 900,Fashion,995.34,355,2021-01-10 17:41:24
901,Notebook 901,Books,1567.06,738,2021-03-21 15:11:04
902,T-Shirt 902,Fashion,746.88,767,2021-01-10 03:37:49
903,T-Shirt 903,Beauty,1773.4,789,2021-11-05 18:42:36
904,Laptop 904,Sports,1615.18,278,2023-03-12 06:38:57
905,Notebook 905,Electronics,529.58,998,2021-06-04 21:18:28
906,Headphones 906,Beauty,158.75,466,2021-03-28 04:50:22
907,Notebook 907,Sports,115.6,879,2023-05-28 16:26:59
908,Headphones 908,Fashion,738.54,261,2022-05-29 14:40:46
909,Keyboard 909,Books,1349.87,118,2023-02-23 06:53:16
910,Sneakers 910,Beauty,1020.11,45,2022-07-24 12:12:52
911,Laptop 911,Fashion,96.73,372,2023-02-17 14:20:23
912,Protein Bar 912,Fashion,362.03,983,2022-01-09 11:31:38
913,Laptop 913,Books,1607.22,731,2022-11-15 09:56:31
914,Protein Bar 914,Fashion,647.0,426,2021-01-08 18:59:46
915,Backpack 915,Sports,1652.86,585,2022-01-15 02:18:40
916,Backpack 916,Electronics,1006.57,923,2022-03-21 03:34:13
917,Laptop 917,Fashion,450.25,528,2022-04-09 22:42:10
918,Laptop 918,Home,142.51,476,2023-03-28 05:06:52
919,T-Shirt 919,Sports,657.97,566,2022-09-29 02:47:39
920,Coffee Maker 920,Electronics,740.99,298,2022-09-10 07:19:28
921,Headphones 921,Sports,1480.45,248,2022-01-14 15:22:56
922,Coffee Maker 922,Sports,1185.42,505,2021-05-12 12:11:43
923,Sneakers 923,Beauty,1801.38,778,2021-11-18 07:33:05
924,Sneakers 924,Fashion,17.72,419,2023-01-09 03:38:22
925,Laptop 925,Fashion,1085.38,651,2022-11-23 05:17:42
926,Laptop 926,Sports,7.92,673,2021-10-22 16:01:55
927,Protein Bar 927,Beauty,1455.79,106,2022-03-13 14:51:39
928,Sneakers 928,Books,1966.32,429,2023-05-18 01:05:48
929,Coffee Maker 929,Electronics,1945.26,145,2022-10-08 18:07:10
930,T-Shirt 930,Electronics,92.58,237,2022-10-19 15:24:17
931,Notebook 931,Home,1403.19,381,2022-10-31 09:30:37
932,Coffee Maker 932,Beauty,174.38,97,2021-11-02 10:40:21
933,Notebook 933,Fashion,1276.25,403,2022-09-12 20:10:04
934,Keyboard 934,Books,1137.8,445,2022-09-23 20:05:13
935,Monitor 935,Fashion,586.89,871,2023-01-15 11:15:14
936,Backpack 936,Home,1402.95,753,2021-11-16 09:19:47
937,Backpack 937,Sports,908.25,239,2022-04-19 02:32:04
938,Keyboard 938,Fashion,276.54,788,2021-07-21 17:00:09
939,Headphones 939,Electronics,315.04,168,2022-04-22 17:08:43
940,Coffee Maker 940,Home,631.5,123,2023-03-29 15:29:51
941,Notebook 941,Sports,1929.45,212,2022-07-28 15:01:00
942,Coffee Maker 942,Sports,929.38,872,2021-04-17 14:04:55
943,Keyboard 943,Electronics,319.44,702,2023-02-26 12:58:57
944,T-Shirt 944,Beauty,1395.27,41,2023-01-29 09:04:23
945,Sneakers 945,Sports,300.91,728,2023-02-05 22:22:20
946,Sneakers 946,Sports,795.51,50,2023-04-18 13:54:24
947,T-Shirt 947,Sports,1641.08,178,2022-12-30 17:42:50
948,Laptop 948,Home,1709.93,569,2022-08-08 23:31:44
949,Notebook 949,Fashion,193.98,104,2021-05-29 14:02:11
950,Monitor 950,Electronics,28.85,850,2022-02-04 07:33:04
951,Sneakers 951,Fashion,400.28,410,2023-04-28 08:11:11
952,Backpack 952,Beauty,1262.44,660,2021-04-18 21:19:02
953,Keyboard 953,Books,1174.31,939,2022-11-22 22:07:20
954,Keyboard 954,Electronics,1994.34,202,2022-04-11 00:37:13
955,Coffee Maker 955,Fashion,188.5,867,2021-05-20 17:06:33
956,Backpack 956,Electronics,90.18,472,2021-08-08 19:37:14
957,Laptop 957,Fashion,1848.64,443,2021-02-01 14:37:41
958,Protein Bar 958,Home,63.82,699,2021-09-29 00:58:34
959,Protein Bar 959,Fashion,711.12,930,2021-08-28 22:27:23
960,Monitor 960,Sports,563.31,904,2022-02-22 06:37:49
961,Monitor 961,Electronics,1230.14,631,2021-02-18 21:42:13
962,Sneakers 962,Beauty,593.73,421,2022-06-07 02:20:59
963,Notebook 963,Home,126.65,286,2023-04-27 21:52:59
964,Protein Bar 964,Fashion,841.37,658,2021-03-19 23:56:20
965,Notebook 965,Fashion,1263.36,821,2023-02-01 05:44:05
966,Notebook 966,Electronics,1978.86,800,2022-06-30 14:29:53
967,Backpack 967,Home,1091.31,496,2022-04-13 16:31:49
968,Backpack 968,Books,1007.27,397,2021-06-01 10:55:11
969,T-Shirt 969,Fashion,57.0,611,2022-11-24 10:47:39
970,Sneakers 970,Electronics,1792.05,797,2021-07-03 08:40:53
971,T-Shirt 971,Electronics,1618.26,483,2021-08-28 08:36:32
972,Notebook 972,Sports,1534.85,238,2022-04-08 00:08:35
973,Monitor 973,Electronics,499.47,246,2023-04-20 21:58:18
974,T-Shirt 974,Books,1633.49,939,2022-06-04 10:55:22
975,Laptop 975,Fashion,1153.51,816,2021-11-23 04:53:56
976,Protein Bar 976,Sports,1870.74,865,2021-07-20 09:21:23
977,Monitor 977,Fashion,476.92,325,2022-02-28 20:32:57
978,Backpack 978,Books,61.27,717,2021-12-10 20:45:35
979,Backpack 979,Books,1129.39,576,2022-12-18 20:22:02
980,Sneakers 980,Home,1086.54,179,2022-05-09 01:26:05
981,Coffee Maker 981,Electronics,185.06,238,2021-04-28 16:08:41
982,Headphones 982,Fashion,44.76,489,2022-06-19 00:00:00
983,Laptop 983,Sports,1836.2,206,2023-01-10 08:08:56
984,Monitor 984,Sports,1435.29,940,2022-04-12 14:52:38
985,Backpack 985,Electronics,48.72,600,2021-02-15 09:33:22
986,Monitor 986,Electronics,1693.73,881,2022-06-07 16:21:54
987,Backpack 987,Electronics,750.31,964,2022-04-17 21:06:19
988,Protein Bar 988,Books,206.56,309,2021-07-03 02:11:32
989,Backpack 989,Fashion,1951.84,749,2023-04-14 15:32:23
990,Protein Bar 990,Beauty,1921.52,664,2021-08-15 00:29:20
991,Backpack 991,Fashion,1415.83,575,2021-06-17 01:44:05
992,Headphones 992,Sports,450.36,603,2023-04-02 08:51:25
993,Monitor 993,Home,617.11,705,2022-05-04 14:20:08
994,T-Shirt 994,Fashion,359.53,1,2022-05-01 12:32:02
995,Headphones 995,Home,1702.26,789,2022-11-18 16:39:31
996,Headphones 996,Electronics,368.25,325,2023-05-30 21:16:21
997,Headphones 997,Fashion,1281.1,106,2022-03-27 14:54:17
998,Coffee Maker 998,Fashion,665.68,79,2023-03-02 22:23:09
999,Sneakers 999,Sports,1964.85,171,2021-08-21 03:12:02
1000,Keyboard 1000,Beauty,1341.7,746,2021-04-23 22:45:42
1001,Backpack 1001,Home,27.73,214,2022-03-28 05:46:24
1002,Sneakers 1002,Beauty,140.25,262,2021-10-29 15:44:16
1003,Keyboard 1003,Beauty,7.56,395,2023-04-16 02:20:19
1004,Coffee Maker 1004,Beauty,842.21,170,2022-10-11 00:34:46
1005,Protein Bar 1005,Home,1764.13,359,2022-07-08 19:00:48
1006,Notebook 1006,Home,207.35,490,2023-03-02 03:14:02
1007,Headphones 1007,Beauty,1517.7,230,2021-03-19 20:11:13
1008,Monitor 1008,Home,152.05,866,2021-01-17 10:08:04
1009,Laptop 1009,Sports,45.06,267,2021-12-23 15:06:54
1010,Keyboard 1010,Electronics,686.91,909,2022-08-29 11:37:42
1011,Protein Bar 1011,Fashion,1465.31,560,2022-03-22 09:33:36
1012,Keyboard 1012,Sports,1190.09,628,2021-09-07 19:31:25
1013,Coffee Maker 1013,Beauty,66.83,965,2021-12-18 10:43:07
1014,Monitor 1014,Books,1780.06,160,2021-05-11 06:46:39
1015,Laptop 1015,Electronics,665.53,997,2021-08-19 12:36:41
1016,Sneakers 1016,Home,1395.91,739,2021-11-13 07:01:47
1017,Notebook 1017,Sports,1322.89,304,2021-01-05 07:23:01
1018,Sneakers 1018,Electronics,104.02,585,2022-02-08 08:34:48
1019,Notebook 1019,Home,311.41,369,2022-11-02 15:26:44
1020,Laptop 1020,Home,179.82,843,2021-06-15 03:07:47
1021,Headphones 1021,Home,403.35,26,2022-12-30 22:19:57
1022,Sneakers 1022,Fashion,1278.19,1000,2021-04-07 10:12:35
1023,Keyboard 1023,Home,1688.32,315,2023-04-22 21:11:03
1024,Protein Bar 1024,Home,980.75,676,2022-01-27 23:21:23
1025,T-Shirt 1025,Electronics,1285.52,396,2021-04-16 07:55:36
1026,Monitor 1026,Sports,1771.56,378,2023-05-21 01:12:30
1027,Monitor 1027,Home,94.01,450,2022-06-19 10:13:35
1028,Coffee Maker 1028,Sports,456.35,275,2023-05-17 00:12:15
1029,Headphones 1029,Electronics,306.51,713,2023-01-01 12:56:05
1030,Keyboard 1030,Electronics,1337.94,827,2022-01-13 09:42:20
1031,Notebook 1031,Home,1941.56,603,2022-10-06 21:29:17
1032,Sneakers 1032,Books,126.66,396,2021-09-09 17:07:14
1033,Notebook 1033,Home,1931.43,703,2023-03-16 16:43:46
1034,Coffee Maker 1034,Books,1763.9,487,2021-11-19 17:12:05
1035,T-Shirt 1035,Electronics,792.63,874,2021-07-31 04:19:13
1036,Laptop 1036,Books,1144.58,529,2022-03-12 15:08:02
1037,Headphones 1037,Beauty,1965.6,150,2023-03-05 11:30:38
1038,Keyboard 1038,Home,349.89,171,2021-02-07 00:23:22
1039,Sneakers 1039,Fashion,256.74,433,2021-06-17 01:33:19
1040,Keyboard 1040,Beauty,873.61,842,2022-08-04 06:52:49
1041,Monitor 1041,Books,519.48,932,2023-03-22 12:15:08
1042,Keyboard 1042,Electronics,779.26,406,2023-03-05 07:14:05
1043,Notebook 1043,Sports,1713.97,532,2022-08-19 01:18:08
1044,Coffee Maker 1044,Electronics,1574.17,638,2021-12-08 18:17:57
1045,Headphones 1045,Books,1564.46,115,2021-08-17 07:20:47
1046,Protein Bar 1046,Fashion,300.66,602,2021-02-07 21:56:44
1047,Headphones 1047,Electronics,1850.23,576,2022-08-22 17:02:48
1048,Keyboard 1048,Sports,1735.61,901,2021-02-19 20:50:26
1049,Backpack 1049,Home,531.95,670,2021-01-18 12:36:11
1050,Coffee Maker 1050,Books,1219.88,38,2021-07-12 15:24:08
1051,Monitor 1051,Sports,808.93,633,2022-06-24 20:05:17
1052,Headphones 1052,Beauty,1388.85,39,2022-01-23 03:17:13
1053,Protein Bar 1053,Sports,1382.57,50,2021-10-04 17:29:33
1054,Coffee Maker 1054,Sports,1794.58,20,2023-03-05 17:13:50
1055,Backpack 1055,Sports,625.34,863,2021-12-21 00:26:21
1056,Coffee Maker 1056,Beauty,1371.28,995,2022-10-10 10:37:57
1057,Sneakers 1057,Fashion,604.46,761,2022-03-20 06:58:04
1058,Coffee Maker 1058,Sports,542.49,426,2023-05-27 08:31:32
1059,Headphones 1059,Beauty,183.13,452,2021-06-18 00:04:11
1060,Sneakers 1060,Home,1483.18,777,2023-05-25 10:26:35
1061,Notebook 1061,Sports,1642.93,527,2021-10-21 13:00:01
1062,Monitor 1062,Electronics,625.69,518,2021-04-09 15:16:05
1063,Protein Bar 1063,Fashion,1562.13,536,2022-10-17 10:26:30
1064,Headphones 1064,Electronics,351.61,896,2021-02-08 18:52:11
1065,Sneakers 1065,Electronics,502.73,467,2021-09-02 04:36:34
1066,Laptop 1066,Sports,1410.74,280,2022-04-08 03:20:53
1067,Backpack 1067,Home,1012.73,650,2023-04-09 08:24:39
1068,Keyboard 1068,Beauty,65.97,381,2023-02-04 20:10:53
1069,Coffee Maker 1069,Books,894.98,983,2022-12-12 01:19:07
1070,Coffee Maker 1070,Books,1104.91,352,2023-04-14 17:07:20
1071,Monitor 1071,Sports,1499.18,705,2022-05-23 07:51:27
1072,Keyboard 1072,Sports,59.76,50,2021-09-10 04:13:07
1073,Monitor 1073,Books,1560.76,219,2021-06-20 16:40:47
1074,Sneakers 1074,Beauty,454.1,211,2021-10-01 01:37:28
1075,T-Shirt 1075,Beauty,821.97,20,2021-12-14 21:20:58
1076,Laptop 1076,Home,1823.47,662,2023-04-04 01:48:28
1077,Monitor 1077,Books,1602.73,229,2021-02-27 19:55:15
1078,T-Shirt 1078,Books,1611.15,312,2021-04-08 08:29:10
1079,T-Shirt 1079,Home,1791.49,872,2021-10-27 18:24:12
1080,Backpack 1080,Home,507.74,477,2022-10-25 13:28:51
1081,T-Shirt 1081,Beauty,1043.67,638,2023-01-27 22:15:47
1082,Protein Bar 1082,Books,209.11,523,2022-04-27 15:53:01
1083,Backpack 1083,Books,1296.45,623,2021-04-02 05:34:12
1084,T-Shirt 1084,Sports,1370.4,493,2023-01-27 13:00:54
1085,Keyboard 1085,Sports,1976.78,655,2021-05-24 10:26:55
1086,Backpack 1086,Sports,525.99,728,2022-10-28 06:58:57
1087,T-Shirt 1087,Fashion,304.11,783,2022-09-15 20:05:11
1088,Sneakers 1088,Electronics,1611.83,821,2022-05-03 23:49:07
1089,Headphones 1089,Home,1322.76,697,2021-02-18 02:55:01
1090,Monitor 1090,Beauty,55.78,509,2022-07-22 08:38:18
1091,T-Shirt 1091,Sports,1814.29,414,2022-02-20 09:26:06
1092,Protein Bar 1092,Beauty,75.46,725,2021-12-03 21:00:43
1093,Headphones 1093,Fashion,689.62,730,2022-03-24 20:21:24
1094,Sneakers 1094,Beauty,1071.6,803,2023-03-07 22:30:48
1095,Coffee Maker 1095,Beauty,720.2,307,2022-05-23 01:10:15
1096,Monitor 1096,Beauty,1753.61,185,2023-01-07 16:48:01
1097,T-Shirt 1097,Electronics,944.21,758,2022-03-24 02:29:40
1098,T-Shirt 1098,Beauty,1617.65,781,2021-04-06 01:55:47
1099,Monitor 1099,Beauty,1799.68,670,2021-09-12 14:31:30
1100,Keyboard 1100,Fashion,713.79,762,2022-05-07 23:49:32
1101,T-Shirt 1101,Home,1577.24,339,2022-09-03 14:36:57
1102,Backpack 1102,Sports,1173.21,474,2022-10-11 11:15:07
1103,Keyboard 1103,Home,112.09,649,2022-04-28 05:25:23
1104,Headphones 1104,Books,1888.88,72,2023-05-21 17:21:31
1105,Coffee Maker 1105,Fashion,1003.45,888,2021-09-16 07:56:51
1106,Protein Bar 1106,Books,600.22,55,2022-07-29 16:47:17
1107,Monitor 1107,Fashion,1984.73,350,2023-03-08 21:20:21
1108,Protein Bar 1108,Books,1786.23,468,2022-10-25 00:18:08
1109,Monitor 1109,Sports,1725.48,184,2021-08-13 17:52:27
1110,Keyboard 1110,Home,668.6,181,2022-07-21 13:29:26
1111,Backpack 1111,Beauty,120.74,462,2022-04-27 20:00:24
1112,T-Shirt 1112,Fashion,1523.58,172,2022-02-17 19:02:54
1113,Headphones 1113,Fashion,981.71,781,2022-08-29 19:46:06
1114,Keyboard 1114,Fashion,1230.89,648,2021-11-07 21:30:36
1115,Protein Bar 1115,Home,860.91,488,2021-03-07 22:48:30
1116,Protein Bar 1116,Electronics,80.26,204,2022-06-07 19:27:40
1117,Backpack 1117,Electronics,1784.55,775,2021-01-10 08:22:49
1118,Notebook 1118,Fashion,40.74,4,2021-01-20 22:30:25
1119,Sneakers 1119,Fashion,1388.58,352,2021-07-13 10:18:08
1120,T-Shirt 1120,Fashion,209.9,515,2023-03-21 13:51:29
1121,Headphones 1121,Sports,338.21,843,2023-02-05 00:35:28
1122,Laptop 1122,Sports,1897.18,466,2022-06-29 17:53:28
1123,Notebook 1123,Books,1050.61,444,2021-12-31 10:30:48
1124,Monitor 1124,Sports,1992.3,501,2021-03-24 12:48:33
1125,Backpack 1125,Fashion,333.94,928,2023-05-30 12:00:18
1126,Protein Bar 1126,Electronics,460.69,744,2023-04-26 22:10:43
1127,Monitor 1127,Fashion,1469.48,603,2022-03-13 21:29:56
1128,Notebook 1128,Fashion,250.71,728,2021-12-25 08:25:05
1129,Laptop 1129,Home,1753.71,261,2021-10-18 13:27:02
1130,Notebook 1130,Books,101.93,49,2021-04-27 12:43:20
1131,Keyboard 1131,Beauty,1673.06,49,2022-01-09 17:47:49
1132,Keyboard 1132,Home,891.41,126,2022-07-23 12:34:11
1133,Notebook 1133,Sports,951.42,156,2022-04-17 11:46:22
1134,Sneakers 1134,Beauty,1373.05,9,2021-10-11 01:42:55
1135,T-Shirt 1135,Home,1325.02,678,2021-02-19 06:29:12
1136,Notebook 1136,Sports,1247.48,717,2021-09-09 15:04:56
1137,Monitor 1137,Home,1662.15,107,2021-05-03 16:05:35
1138,Notebook 1138,Beauty,1237.31,289,2023-04-16 04:29:39
1139,Keyboard 1139,Electronics,997.99,623,2022-10-30 23:48:08
1140,Sneakers 1140,Sports,1663.84,996,2023-02-24 17:42:42
1141,Sneakers 1141,Sports,1408.36,302,2022-10-18 07:02:27
1142,Monitor 1142,Electronics,1098.54,932,2022-12-22 03:54:15
1143,Sneakers 1143,Beauty,1866.58,338,2021-06-29 15:32:37
1144,Sneakers 1144,Electronics,30.44,91,2023-04-30 08:25:53
1145,Keyboard 1145,Books,1339.7,152,2021-06-11 01:01:47
1146,Keyboard 1146,Books,154.72,740,2022-07-22 16:23:08
1147,Keyboard 1147,Sports,1290.45,467,2021-09-05 08:23:43
1148,T-Shirt 1148,Sports,931.23,102,2022-10-27 01:38:23
1149,Monitor 1149,Electronics,1705.24,368,2023-04-15 13:59:04
1150,Backpack 1150,Home,1478.39,97,2023-05-17 04:20:37
1151,Laptop 1151,Electronics,1704.74,679,2022-05-30 00:22:22
1152,Monitor 1152,Sports,718.27,448,2021-08-09 15:59:56
1153,Headphones 1153,Sports,1757.56,95,2021-09-03 20:44:22
1154,Backpack 1154,Sports,369.82,410,2022-05-06 08:06:38
1155,Protein Bar 1155,Home,547.31,394,2023-04-13 11:33:00
1156,Coffee Maker 1156,Home,1299.45,816,2023-01-18 13:41:38
1157,Monitor 1157,Electronics,269.36,743,2022-11-25 08:33:42
1158,Laptop 1158,Fashion,211.91,933,2021-11-16 06:57:13
1159,Headphones 1159,Home,1605.52,694,2023-04-22 05:55:08
1160,Coffee Maker 1160,Fashion,1224.59,797,2021-04-11 05:43:33
1161,Backpack 1161,Books,62.49,700,2021-01-10 05:57:08
1162,Monitor 1162,Home,1841.19,115,2022-02-19 19:09:52
1163,Protein Bar 1163,Home,96.71,267,2022-12-12 04:29:34
1164,Backpack 1164,Electronics,1410.61,694,2021-06-19 16:55:12
1165,Notebook 1165,Beauty,1155.41,578,2021-08-04 08:37:01
1166,Sneakers 1166,Beauty,1746.92,531,2022-09-24 00:44:26
1167,Notebook 1167,Beauty,1402.66,97,2021-05-26 04:39:18
1168,Protein Bar 1168,Beauty,1454.67,493,2021-06-17 23:20:59
1169,Backpack 1169,Beauty,1354.21,394,2022-09-19 05:53:55
1170,Monitor 1170,Books,1784.66,627,2022-05-28 22:40:08
1171,Laptop 1171,Electronics,1288.58,160,2022-03-12 19:39:35
1172,Notebook 1172,Home,1704.48,890,2021-10-28 16:45:24
1173,Monitor 1173,Electronics,1504.1,328,2021-03-08 14:31:12
1174,Sneakers 1174,Sports,1940.44,51,2021-05-10 17:47:27
1175,Notebook 1175,Fashion,1103.24,387,2021-03-19 12:13:35
1176,Protein Bar 1176,Fashion,162.27,454,2022-01-02 11:47:25
1177,Headphones 1177,Home,180.6,510,2023-05-09 17:48:04
1178,Coffee Maker 1178,Sports,241.82,509,2022-05-19 16:28:33
1179,Laptop 1179,Electronics,809.86,36,2021-07-20 12:29:58
1180,Notebook 1180,Books,5.34,93,2022-01-30 13:52:58
1181,Headphones 1181,Books,1276.89,911,2021-05-21 23:43:03
1182,Notebook 1182,Books,417.67,687,2022-08-25 16:05:59
1183,Coffee Maker 1183,Sports,729.87,55,2022-07-02 17:02:39
1184,Sneakers 1184,Home,667.29,785,2023-03-25 00:35:54
1185,Headphones 1185,Books,948.9,672,2022-01-26 00:24:25
1186,Backpack 1186,Beauty,907.8,99,2021-04-24 10:33:23
1187,Sneakers 1187,Electronics,686.01,849,2023-03-30 01:59:11
1188,T-Shirt 1188,Books,1046.36,718,2022-12-13 08:55:12
1189,Keyboard 1189,Electronics,1794.27,504,2021-02-22 12:09:52
1190,Monitor 1190,Beauty,1486.31,419,2023-04-27 09:16:05
1191,Keyboard 1191,Sports,1223.65,192,2021-06-23 21:50:15
1192,Keyboard 1192,Home,435.1,844,2021-12-15 13:47:26
1193,Sneakers 1193,Beauty,679.18,775,2021-12-02 14:42:56
1194,Protein Bar 1194,Electronics,1853.62,857,2023-03-26 09:38:30
1195,Headphones 1195,Electronics,1545.43,461,2022-11-28 13:48:56
1196,Coffee Maker 1196,Beauty,1180.69,516,2023-01-27 19:12:41
1197,Monitor 1197,Home,13.65,753,2021-06-16 20:37:45
1198,Laptop 1198,Books,1870.94,858,2021-02-28 01:34:25
1199,Headphones 1199,Home,1849.12,799,2022-03-18 01:21:47
1200,Monitor 1200,Beauty,1159.22,748,2022-11-22 13:41:35
1201,Monitor 1201,Electronics,777.87,614,2021-08-24 20:25:45
1202,Headphones 1202,Sports,1010.7,393,2022-10-18 14:44:43
1203,Protein Bar 1203,Books,1832.24,780,2023-01-22 06:03:45
1204,Sneakers 1204,Sports,798.75,351,2023-02-14 23:42:58
1205,T-Shirt 1205,Home,1610.57,141,2022-02-24 22:17:07
1206,Protein Bar 1206,Books,1401.53,766,2023-04-14 07:59:27
1207,Notebook 1207,Sports,1686.93,560,2022-02-28 11:25:44
1208,Backpack 1208,Beauty,1474.95,566,2021-08-08 00:32:49
1209,Sneakers 1209,Fashion,423.38,731,2023-04-12 05:51:59
1210,T-Shirt 1210,Beauty,693.86,688,2023-05-15 06:49:45
1211,Monitor 1211,Beauty,1301.92,981,2022-07-02 05:03:48
1212,Monitor 1212,Books,1087.27,652,2023-02-18 16:52:36
1213,Backpack 1213,Beauty,235.23,360,2023-02-13 19:17:38
1214,Notebook 1214,Home,1167.7,965,2022-06-01 04:28:02
1215,Protein Bar 1215,Beauty,1497.0,861,2022-10-04 09:16:16
1216,Notebook 1216,Sports,1755.57,432,2021-03-03 15:05:31
1217,Laptop 1217,Books,217.41,390,2022-10-08 20:13:47
1218,Monitor 1218,Electronics,1342.16,204,2021-05-18 08:33:35
1219,T-Shirt 1219,Fashion,1967.15,699,2021-05-13 06:02:40
1220,T-Shirt 1220,Fashion,1679.57,707,2021-12-27 15:33:00
1221,T-Shirt 1221,Fashion,1508.42,33,2023-03-04 22:43:27
1222,Backpack 1222,Home,209.45,888,2021-10-27 12:07:40
1223,Notebook 1223,Fashion,1486.11,574,2022-06-28 13:51:38
1224,Protein Bar 1224,Fashion,1024.29,815,2023-02-27 07:18:43
1225,T-Shirt 1225,Beauty,1330.66,948,2023-05-27 11:44:08
1226,Protein Bar 1226,Home,836.05,807,2023-01-16 11:04:39
1227,Backpack 1227,Books,112.34,761,2022-09-24 05:35:09
1228,T-Shirt 1228,Fashion,1243.02,799,2023-01-24 03:22:35
1229,Coffee Maker 1229,Fashion,1823.42,721,2022-03-20 04:07:59
1230,Backpack 1230,Books,1095.5,617,2022-12-26 20:45:01
1231,Sneakers 1231,Beauty,1928.76,301,2021-11-09 06:11:46
1232,Coffee Maker 1232,Fashion,1966.99,76,2021-11-10 07:17:55
1233,Monitor 1233,Fashion,1471.48,122,2021-11-29 01:05:00
1234,Protein Bar 1234,Electronics,859.87,569,2021-03-29 20:09:16
1235,T-Shirt 1235,Fashion,326.05,866,2022-04-22 01:48:24
1236,T-Shirt 1236,Electronics,664.47,726,2022-04-07 13:51:44
1237,Monitor 1237,Electronics,311.64,330,2022-03-21 20:58:09
1238,Headphones 1238,Electronics,1548.45,640,2022-04-08 08:23:44
1239,Headphones 1239,Beauty,605.8,808,2021-02-13 08:13:42
1240,Headphones 1240,Books,719.38,802,2021-02-19 05:29:31
1241,Backpack 1241,Books,443.82,188,2022-07-31 03:27:03
1242,Notebook 1242,Electronics,1573.59,163,2022-07-16 02:25:13
1243,Protein Bar 1243,Books,1076.39,94,2021-10-17 13:41:41
1244,Backpack 1244,Fashion,1767.38,679,2021-01-30 22:49:48
1245,Backpack 1245,Sports,724.79,223,2022-09-06 22:32:38
1246,Headphones 1246,Books,952.34,574,2021-04-04 06:57:50
1247,Laptop 1247,Electronics,1339.53,456,2022-01-21 05:36:34
1248,Sneakers 1248,Beauty,1229.33,636,2023-05-04 16:53:07
1249,Sneakers 1249,Electronics,1366.69,328,2023-04-08 10:12:10
1250,Protein Bar 1250,Electronics,774.82,553,2022-11-29 23:16:08
1251,T-Shirt 1251,Electronics,1823.12,841,2021-07-07 03:37:07
1252,Backpack 1252,Books,1606.62,456,2022-09-22 02:33:43
1253,Coffee Maker 1253,Electronics,596.39,667,2022-01-19 04:20:36
1254,Sneakers 1254,Sports,1030.22,970,2023-01-18 20:37:17
1255,Keyboard 1255,Fashion,1943.4,791,2022-10-13 05:59:21
1256,Notebook 1256,Books,19.62,67,2021-08-02 04:14:27
1257,Sneakers 1257,Beauty,1260.88,218,2022-05-09 09:08:49
1258,Protein Bar 1258,Electronics,415.13,848,2022-05-29 08:08:32
1259,Protein Bar 1259,Beauty,1634.42,73,2022-04-04 03:28:55
1260,Monitor 1260,Electronics,921.15,339,2021-02-04 18:33:46
1261,Laptop 1261,Electronics,151.13,182,2022-08-11 08:24:43
1262,T-Shirt 1262,Books,145.53,841,2022-06-25 23:09:27
1263,Sneakers 1263,Sports,818.23,461,2021-10-16 00:49:16
1264,Protein Bar 1264,Home,636.23,398,2022-01-02 09:09:21
1265,Keyboard 1265,Books,16.77,737,2022-01-02 09:53:49
1266,Headphones 1266,Electronics,1513.14,599,2023-05-16 23:01:06
1267,Laptop 1267,Beauty,1697.26,366,2021-06-11 00:29:22
1268,Notebook 1268,Electronics,583.22,702,2022-01-01 09:47:40
1269,T-Shirt 1269,Books,177.58,783,2022-06-14 17:11:05
1270,Coffee Maker 1270,Home,793.25,676,2021-03-04 04:23:27
1271,Laptop 1271,Home,316.87,225,2021-07-12 01:17:14
1272,Monitor 1272,Beauty,785.03,816,2021-04-25 23:22:47
1273,Notebook 1273,Sports,1920.47,147,2021-05-09 15:44:01
1274,T-Shirt 1274,Beauty,1774.52,988,2022-08-06 04:48:00
1275,Backpack 1275,Electronics,1109.28,568,2021-09-06 09:31:51
1276,Monitor 1276,Electronics,88.34,586,2023-03-14 18:37:14
1277,Headphones 1277,Home,1076.62,969,2022-10-22 14:39:59
1278,Keyboard 1278,Sports,424.06,759,2022-12-27 19:53:02
1279,Backpack 1279,Fashion,828.25,661,2023-01-02 16:22:39
1280,Notebook 1280,Fashion,326.1,226,2021-07-15 01:21:57
1281,Headphones 1281,Sports,392.68,185,2021-03-13 16:51:50
1282,Headphones 1282,Electronics,1703.52,954,2022-08-30 13:20:34
1283,Notebook 1283,Home,1291.13,74,2021-12-03 02:55:12
1284,T-Shirt 1284,Beauty,139.39,100,2023-05-20 16:18:02
1285,Sneakers 1285,Beauty,1163.29,974,2022-07-29 10:12:24
1286,Backpack 1286,Sports,260.79,671,2021-11-05 23:02:44
1287,Sneakers 1287,Electronics,573.85,71,2022-02-06 10:46:35
1288,Sneakers 1288,Sports,974.29,336,2021-07-08 22:51:47
1289,Headphones 1289,Beauty,614.82,598,2023-04-05 22:09:08
1290,Monitor 1290,Books,1135.89,827,2021-04-09 21:10:25
1291,Backpack 1291,Home,341.44,320,2023-04-24 15:14:41
1292,Sneakers 1292,Fashion,1425.84,656,2022-04-23 08:25:56
1293,Protein Bar 1293,Sports,1681.02,137,2023-02-07 20:48:35
1294,Backpack 1294,Home,928.38,367,2021-07-07 00:06:01
1295,T-Shirt 1295,Home,1105.59,179,2021-04-23 15:55:12
1296,Headphones 1296,Electronics,1684.38,879,2022-03-21 07:20:04
1297,Monitor 1297,Books,396.88,751,2021-02-06 04:39:21
1298,Keyboard 1298,Beauty,155.42,19,2021-03-22 11:51:24
1299,Notebook 1299,Beauty,67.23,595,2022-07-12 02:31:14
1300,Headphones 1300,Home,1539.55,217,2021-10-15 18:53:24
1301,Laptop 1301,Books,524.93,915,2022-09-24 11:18:11
1302,Notebook 1302,Home,1309.55,152,2022-05-22 08:47:13
1303,Backpack 1303,Home,450.5,790,2022-06-10 13:14:19
1304,Headphones 1304,Beauty,1715.04,137,2021-11-10 20:11:34
1305,Coffee Maker 1305,Books,1023.27,406,2021-01-10 10:32:05
1306,Backpack 1306,Books,26.13,244,2022-11-24 15:54:27
1307,Headphones 1307,Beauty,335.86,526,2022-04-26 09:50:16
1308,Monitor 1308,Home,322.65,579,2022-02-25 18:26:43
1309,Headphones 1309,Beauty,1745.03,149,2022-08-17 16:35:07
1310,Coffee Maker 1310,Sports,85.64,779,2021-12-29 16:53:25
1311,Coffee Maker 1311,Fashion,130.41,378,2022-05-23 23:56:36
1312,Sneakers 1312,Electronics,1338.83,530,2021-10-29 17:33:12
1313,Backpack 1313,Home,942.0,465,2022-04-06 06:23:28
1314,Laptop 1314,Electronics,1961.28,331,2023-03-05 03:15:17
1315,Keyboard 1315,Beauty,1937.04,648,2022-02-03 02:45:27
1316,T-Shirt 1316,Beauty,530.32,557,2022-06-10 15:23:55
1317,Headphones 1317,Fashion,756.44,387,2021-11-07 01:33:13
1318,Backpack 1318,Books,1308.41,855,2023-05-16 23:55:05
1319,Keyboard 1319,Books,506.91,996,2021-07-10 11:28:50
1320,Sneakers 1320,Books,814.66,836,2023-05-05 21:34:35
1321,Backpack 1321,Home,1586.35,908,2021-11-01 06:13:31
1322,Headphones 1322,Electronics,1006.16,142,2022-05-31 04:40:54
1323,Coffee Maker 1323,Fashion,463.83,526,2021-09-25 07:23:40
1324,T-Shirt 1324,Fashion,304.73,161,2021-12-25 08:02:40
1325,Backpack 1325,Books,1436.02,121,2023-01-20 02:58:52
1326,Sneakers 1326,Home,1623.29,737,2022-01-28 22:36:37
1327,Keyboard 1327,Home,1352.08,490,2021-09-25 12:29:17
1328,Sneakers 1328,Books,326.69,853,2022-04-20 23:39:33
1329,Protein Bar 1329,Electronics,491.12,130,2021-02-18 05:59:03
1330,Headphones 1330,Books,326.45,644,2022-05-20 23:58:21
1331,Notebook 1331,Electronics,1782.14,150,2021-05-17 18:21:43
1332,Laptop 1332,Fashion,520.23,184,2021-06-02 08:18:53
1333,Notebook 1333,Home,1200.72,577,2021-06-03 21:01:31
1334,Laptop 1334,Beauty,1457.31,841,2022-12-01 20:05:32
1335,T-Shirt 1335,Electronics,437.1,621,2023-01-12 08:43:10
1336,Coffee Maker 1336,Home,345.28,850,2021-07-17 00:05:33
1337,Protein Bar 1337,Books,289.71,596,2022-06-01 03:52:03
1338,Monitor 1338,Books,1321.0,270,2023-02-27 21:55:37
1339,Monitor 1339,Beauty,1372.75,944,2023-01-03 08:37:36
1340,Coffee Maker 1340,Books,1183.24,235,2023-02-23 21:42:26
1341,Protein Bar 1341,Home,268.77,16,2022-05-29 18:44:17
1342,Sneakers 1342,Books,1719.89,516,2021-08-31 06:05:33
1343,Protein Bar 1343,Fashion,1212.99,181,2022-02-10 12:52:35
1344,Coffee Maker 1344,Books,1201.63,898,2022-03-24 12:53:00
1345,Notebook 1345,Books,1506.0,95,2022-03-29 11:55:47
1346,Coffee Maker 1346,Beauty,265.01,617,2021-03-29 10:41:15
1347,Notebook 1347,Electronics,1794.45,793,2022-06-04 14:24:48
1348,Protein Bar 1348,Books,844.26,895,2021-11-13 08:01:25
1349,Laptop 1349,Beauty,1061.98,234,2021-09-16 21:32:50
1350,Coffee Maker 1350,Home,704.28,823,2021-07-29 16:27:41
1351,Headphones 1351,Electronics,853.85,260,2021-08-31 09:19:44
1352,Coffee Maker 1352,Fashion,1820.62,85,2022-11-13 11:44:22
1353,T-Shirt 1353,Books,1754.15,418,2022-09-28 17:11:37
1354,T-Shirt 1354,Fashion,15.91,761,2021-02-22 09:21:14
1355,Laptop 1355,Books,1047.47,532,2021-06-26 13:24:58
1356,Laptop 1356,Home,1310.82,704,2022-03-08 18:47:45
1357,Backpack 1357,Home,727.73,158,2021-09-07 07:16:20
1358,Protein Bar 1358,Beauty,1172.81,267,2021-01-30 15:07:47
1359,Notebook 1359,Home,1131.52,626,2021-05-02 01:53:56
1360,T-Shirt 1360,Beauty,797.92,208,2022-04-19 00:48:55
1361,Protein Bar 1361,Books,1568.66,494,2023-02-26 17:47:34
1362,Monitor 1362,Sports,1120.39,495,2021-01-31 16:30:44
1363,T-Shirt 1363,Sports,1157.41,792,2022-11-12 12:46:21
1364,Protein Bar 1364,Beauty,280.45,884,2023-02-23 05:06:17
1365,Keyboard 1365,Beauty,463.39,801,2021-07-06 16:02:28
1366,Monitor 1366,Electronics,432.84,410,2021-07-08 23:27:34
1367,Backpack 1367,Books,1229.98,700,2022-10-13 16:03:31
1368,Laptop 1368,Fashion,781.26,651,2022-01-07 10:05:17
1369,Laptop 1369,Electronics,1647.39,482,2021-03-09 23:36:42
1370,Headphones 1370,Home,180.84,269,2022-01-08 15:56:11
1371,Sneakers 1371,Sports,164.68,38,2021-06-13 10:46:06
1372,Protein Bar 1372,Home,1229.86,533,2023-05-07 04:47:58
1373,T-Shirt 1373,Beauty,1927.24,58,2022-12-10 21:13:27
1374,Monitor 1374,Beauty,991.26,10,2022-06-20 05:17:02
1375,Sneakers 1375,Beauty,1861.86,530,2021-11-20 06:54:16
1376,T-Shirt 1376,Fashion,72.05,613,2021-05-05 19:12:08
1377,Notebook 1377,Books,1398.41,629,2021-10-16 01:24:01
1378,Monitor 1378,Beauty,76.94,244,2021-10-04 12:43:31
1379,Laptop 1379,Fashion,178.25,282,2022-03-31 07:24:56
1380,Protein Bar 1380,Sports,1340.98,415,2021-09-20 13:06:03
1381,Headphones 1381,Fashion,1037.9,754,2022-07-22 04:41:30
1382,Keyboard 1382,Electronics,1101.44,743,2021-12-10 15:44:04
1383,Notebook 1383,Books,699.45,986,2023-01-04 12:31:27
1384,T-Shirt 1384,Fashion,1214.69,199,2021-11-27 01:09:49
1385,Coffee Maker 1385,Home,1151.94,267,2021-12-18 16:42:05
1386,Monitor 1386,Home,1014.95,572,2022-08-28 19:29:42
1387,Keyboard 1387,Books,592.03,969,2022-02-01 17:50:36
1388,Keyboard 1388,Books,1913.64,897,2023-05-13 01:34:09
1389,Notebook 1389,Books,504.03,453,2023-02-04 08:31:50
1390,Protein Bar 1390,Books,969.84,249,2022-11-07 07:37:33
1391,Backpack 1391,Home,1364.78,918,2022-12-25 02:53:22
1392,Headphones 1392,Electronics,966.53,264,2022-03-12 10:49:13
1393,Keyboard 1393,Home,1269.16,225,2022-09-11 13:31:36
1394,Sneakers 1394,Sports,827.79,361,2021-06-22 16:17:24
1395,Notebook 1395,Books,24.4,852,2022-11-04 08:32:21
1396,T-Shirt 1396,Fashion,578.14,408,2021-11-19 04:12:03
1397,Backpack 1397,Electronics,1111.33,182,2022-11-23 03:02:25
1398,Coffee Maker 1398,Sports,710.31,915,2021-05-23 03:50:23
1399,Headphones 1399,Sports,369.65,764,2021-08-06 22:49:34
1400,Sneakers 1400,Home,1475.54,240,2023-03-12 23:53:07
1401,Sneakers 1401,Sports,417.52,207,2021-07-12 06:44:05
1402,Sneakers 1402,Books,715.27,797,2022-04-24 20:34:11
1403,Keyboard 1403,Electronics,1840.78,692,2022-11-09 07:04:15
1404,Coffee Maker 1404,Books,18.21,877,2023-01-03 18:54:30
1405,Notebook 1405,Electronics,1696.78,380,2021-05-03 22:47:25
1406,Headphones 1406,Sports,987.22,902,2021-09-30 20:57:36
1407,Headphones 1407,Sports,984.16,782,2023-05-03 10:15:56
1408,Notebook 1408,Sports,798.77,768,2021-10-23 08:00:50
1409,Headphones 1409,Fashion,113.03,818,2021-11-10 11:15:03
1410,Protein Bar 1410,Home,1879.61,33,2021-02-16 15:25:22
1411,Notebook 1411,Sports,790.47,702,2023-03-07 20:39:12
1412,Monitor 1412,Home,1953.13,715,2021-05-16 23:45:12
1413,Notebook 1413,Home,634.72,8,2021-01-12 21:12:02
1414,Laptop 1414,Beauty,425.45,594,2021-03-18 10:03:36
1415,Keyboard 1415,Sports,726.4,882,2022-11-01 01:06:40
1416,T-Shirt 1416,Fashion,1099.38,242,2022-12-22 22:12:37
1417,T-Shirt 1417,Home,1917.26,351,2022-04-15 08:23:55
1418,Backpack 1418,Fashion,1000.05,215,2021-05-16 07:35:40
1419,Protein Bar 1419,Beauty,1505.63,373,2021-02-02 12:41:48
1420,Protein Bar 1420,Sports,904.2,585,2022-04-07 01:10:19
1421,Monitor 1421,Books,1373.59,833,2021-12-18 15:01:38
1422,Keyboard 1422,Beauty,543.55,241,2022-01-21 16:47:52
1423,Notebook 1423,Home,1713.34,200,2021-02-15 11:05:10
1424,Monitor 1424,Beauty,303.35,825,2021-11-07 17:23:00
1425,Laptop 1425,Fashion,845.93,137,2021-06-16 09:55:45
1426,Notebook 1426,Books,1442.52,804,2021-02-20 15:05:33
1427,Coffee Maker 1427,Sports,505.69,879,2022-07-02 13:38:21
1428,Headphones 1428,Electronics,799.81,707,2021-12-25 23:13:18
1429,Monitor 1429,Electronics,434.86,260,2023-02-13 12:10:26
1430,Coffee Maker 1430,Beauty,197.12,762,2022-01-06 13:15:02
1431,Backpack 1431,Sports,725.12,573,2022-05-09 08:05:41
1432,Notebook 1432,Sports,691.56,421,2023-04-29 12:15:40
1433,Keyboard 1433,Sports,1735.4,986,2021-01-22 12:21:07
1434,Headphones 1434,Fashion,1155.82,665,2021-09-07 04:23:58
1435,Notebook 1435,Fashion,1958.85,291,2021-02-24 02:26:29
1436,Backpack 1436,Sports,1348.02,499,2022-01-22 01:33:26
1437,Coffee Maker 1437,Electronics,765.24,293,2023-01-16 17:52:35
1438,Coffee Maker 1438,Beauty,1913.41,889,2022-02-08 01:15:55
1439,Monitor 1439,Beauty,1616.4,345,2022-05-10 03:49:43
1440,Protein Bar 1440,Beauty,1226.56,414,2021-06-09 23:13:40
1441,Keyboard 1441,Electronics,328.19,233,2022-12-02 03:07:08
1442,Backpack 1442,Sports,1307.76,727,2021-02-08 08:45:59
1443,T-Shirt 1443,Books,1291.07,277,2023-04-08 19:41:05
1444,Coffee Maker 1444,Sports,1497.05,533,2023-04-07 10:02:52
1445,Coffee Maker 1445,Home,338.8,874,2022-08-28 08:53:44
1446,Laptop 1446,Fashion,1456.91,677,2023-04-26 18:19:22
1447,T-Shirt 1447,Beauty,1402.89,81,2021-05-01 19:57:12
1448,Sneakers 1448,Fashion,797.11,97,2021-06-01 00:09:24
1449,Keyboard 1449,Home,1099.13,26,2021-08-17 12:00:56
1450,Protein Bar 1450,Books,1531.17,85,2021-03-05 01:54:30
1451,Keyboard 1451,Sports,1238.11,86,2022-05-09 15:55:04
1452,Protein Bar 1452,Sports,462.57,755,2022-05-19 05:40:08
1453,T-Shirt 1453,Home,1254.83,134,2022-03-02 14:03:17
1454,Notebook 1454,Fashion,62.0,679,2021-04-21 13:17:15
1455,Backpack 1455,Sports,1729.16,478,2022-06-13 14:28:29
1456,Notebook 1456,Sports,1099.35,138,2022-12-06 08:54:45
1457,Notebook 1457,Fashion,1183.71,467,2021-09-03 17:18:52
1458,Headphones 1458,Home,1049.3,654,2023-03-04 04:46:44
1459,Notebook 1459,Sports,1818.3,493,2023-05-13 17:37:24
1460,Notebook 1460,Fashion,1610.39,452,2021-08-13 07:30:38
1461,T-Shirt 1461,Sports,827.35,159,2022-10-17 14:52:19
1462,T-Shirt 1462,Electronics,5.18,834,2021-09-10 04:19:49
1463,Monitor 1463,Sports,577.09,547,2021-04-17 10:01:04
1464,Laptop 1464,Beauty,1844.57,969,2023-05-06 11:03:07
1465,Coffee Maker 1465,Sports,23.22,440,2022-03-12 06:08:34
1466,T-Shirt 1466,Books,466.27,7,2021-10-12 06:46:04
1467,Notebook 1467,Sports,381.2,903,2022-05-13 02:23:41
1468,Notebook 1468,Home,792.53,167,2021-07-22 05:44:25
1469,Protein Bar 1469,Home,445.08,81,2021-10-14 12:08:06
1470,Protein Bar 1470,Beauty,482.93,782,2022-07-02 12:10:55
1471,Headphones 1471,Beauty,1370.86,291,2022-08-08 04:15:36
1472,Notebook 1472,Sports,828.74,873,2022-01-03 10:57:19
1473,Keyboard 1473,Fashion,277.56,113,2022-07-30 10:17:43
1474,Coffee Maker 1474,Books,908.27,717,2021-05-26 16:28:51
1475,Headphones 1475,Home,379.64,19,2022-11-14 06:31:59
1476,Monitor 1476,Electronics,1939.58,22,2021-09-01 10:41:10
1477,Monitor 1477,Electronics,567.82,128,2021-08-26 22:11:53
1478,Coffee Maker 1478,Beauty,21.37,92,2021-08-10 14:34:57
1479,Monitor 1479,Electronics,989.69,350,2022-03-31 20:40:31
1480,Protein Bar 1480,Sports,1572.52,510,2021-08-19 21:26:46
1481,Backpack 1481,Home,1395.38,32,2022-10-06 07:34:19
1482,Backpack 1482,Electronics,1687.87,974,2021-06-07 14:23:57
1483,Monitor 1483,Electronics,536.67,401,2022-01-11 02:34:42
1484,Keyboard 1484,Books,942.94,196,2022-10-26 21:54:27
1485,T-Shirt 1485,Home,1657.36,124,2021-10-29 19:00:13
1486,Sneakers 1486,Home,1543.59,453,2021-01-04 18:28:40
1487,Sneakers 1487,Beauty,1989.1,203,2021-04-15 03:08:20
1488,Coffee Maker 1488,Beauty,1543.14,533,2022-12-29 00:40:09
1489,Sneakers 1489,Home,781.3,984,2022-08-06 21:56:16
1490,T-Shirt 1490,Sports,321.43,745,2021-03-04 11:31:29
1491,Laptop 1491,Beauty,1875.15,533,2023-03-25 07:50:05
1492,Keyboard 1492,Sports,965.05,305,2023-05-12 01:14:01
1493,Sneakers 1493,Sports,1775.6,884,2022-12-02 18:19:33
1494,Sneakers 1494,Electronics,475.75,444,2022-10-30 21:02:56
1495,Backpack 1495,Electronics,338.88,282,2023-03-01 21:15:02
1496,Headphones 1496,Electronics,794.64,248,2023-05-12 10:50:10
1497,Laptop 1497,Electronics,1164.25,707,2021-08-10 18:46:56
1498,Coffee Maker 1498,Beauty,1194.44,380,2021-08-25 03:55:07
1499,Keyboard 1499,Fashion,319.61,93,2022-03-19 22:35:19
1500,Headphones 1500,Sports,1862.04,777,2021-02-13 08:21:09
1501,Laptop 1501,Electronics,714.26,157,2021-09-17 23:53:24
1502,Notebook 1502,Electronics,256.03,238,2023-02-12 00:26:39
1503,Backpack 1503,Books,1578.18,774,2023-03-26 14:51:43
1504,Backpack 1504,Home,1467.71,21,2022-07-27 00:20:57
1505,Protein Bar 1505,Sports,1450.18,256,2022-01-11 19:04:38
1506,Laptop 1506,Home,1414.72,572,2021-11-07 05:21:48
1507,T-Shirt 1507,Books,1395.59,194,2021-07-01 11:01:21
1508,Headphones 1508,Fashion,1089.52,331,2021-06-07 01:15:36
1509,Coffee Maker 1509,Sports,1735.99,613,2022-07-25 14:34:24
1510,Notebook 1510,Fashion,142.41,158,2023-01-13 15:31:51
1511,Coffee Maker 1511,Sports,1639.74,554,2021-08-05 17:20:43
1512,Backpack 1512,Home,6.44,653,2022-02-25 09:25:12
1513,Notebook 1513,Home,1468.65,904,2021-02-27 05:20:05
1514,Laptop 1514,Books,1714.37,794,2021-01-14 23:05:08
1515,Headphones 1515,Fashion,644.78,64,2023-02-28 14:58:20
1516,Notebook 1516,Home,383.79,699,2021-09-25 20:04:41
1517,Coffee Maker 1517,Books,312.49,289,2022-09-08 07:28:48
1518,Backpack 1518,Home,1283.6,113,2023-02-22 04:35:25
1519,Keyboard 1519,Books,1319.49,44,2022-05-27 04:54:31
1520,Monitor 1520,Fashion,1747.62,206,2023-04-21 08:05:42
1521,Keyboard 1521,Home,387.28,32,2021-03-11 11:21:08
1522,Headphones 1522,Beauty,1673.42,673,2022-07-28 05:04:00
1523,Coffee Maker 1523,Books,1249.82,604,2021-09-10 18:43:03
1524,T-Shirt 1524,Electronics,735.88,620,2022-09-12 09:37:06
1525,Keyboard 1525,Electronics,1860.77,213,2022-07-17 21:32:42
1526,Coffee Maker 1526,Electronics,938.78,654,2022-05-27 22:15:14
1527,Laptop 1527,Sports,1118.25,960,2021-10-30 14:55:27
1528,Protein Bar 1528,Sports,1589.53,59,2022-04-01 07:53:10
1529,Headphones 1529,Sports,1060.4,751,2021-02-07 23:59:09
1530,Keyboard 1530,Sports,160.48,221,2023-01-06 23:41:40
1531,Notebook 1531,Electronics,206.94,236,2023-02-18 15:52:39
1532,Notebook 1532,Home,382.97,538,2021-05-21 09:07:48
1533,Sneakers 1533,Books,1252.52,183,2022-11-25 21:00:47
1534,Notebook 1534,Beauty,1118.49,764,2023-03-30 15:37:26
1535,Keyboard 1535,Beauty,1155.24,690,2021-10-27 08:53:19
1536,Coffee Maker 1536,Beauty,1332.16,904,2023-04-16 15:14:34
1537,Keyboard 1537,Fashion,1585.96,563,2022-12-03 03:32:04
1538,Protein Bar 1538,Books,678.34,161,2022-03-03 07:20:36
1539,Notebook 1539,Books,888.81,360,2022-07-29 05:10:40
1540,Backpack 1540,Books,1982.97,332,2021-06-02 06:26:10
1541,Backpack 1541,Home,1529.55,440,2023-02-24 06:02:25
1542,Backpack 1542,Books,485.24,558,2021-03-15 03:43:59
1543,Sneakers 1543,Home,1532.59,948,2022-10-24 04:02:12
1544,T-Shirt 1544,Sports,1923.5,458,2021-03-16 10:06:34
1545,Protein Bar 1545,Electronics,1453.99,291,2022-01-16 15:07:05
1546,Headphones 1546,Electronics,1037.63,911,2022-06-08 06:28:09
1547,T-Shirt 1547,Electronics,604.17,227,2023-01-31 09:37:24
1548,Sneakers 1548,Sports,48.29,841,2021-01-25 13:22:51
1549,T-Shirt 1549,Books,1024.99,584,2023-02-05 11:14:18
1550,Headphones 1550,Fashion,193.1,471,2021-10-13 22:58:30
1551,Backpack 1551,Fashion,281.12,375,2021-04-08 18:11:04
1552,Headphones 1552,Fashion,469.82,830,2022-12-26 04:18:04
1553,T-Shirt 1553,Electronics,1143.12,582,2023-02-03 19:20:06
1554,Sneakers 1554,Beauty,159.02,332,2021-05-13 09:04:26
1555,Coffee Maker 1555,Fashion,979.11,920,2022-02-11 05:13:06
1556,Headphones 1556,Electronics,1192.49,307,2021-06-13 09:44:08
1557,Laptop 1557,Beauty,1617.64,390,2021-01-08 08:25:27
1558,Keyboard 1558,Electronics,1844.13,342,2022-12-17 12:28:23
1559,Backpack 1559,Home,835.96,888,2021-01-30 02:56:49
1560,Keyboard 1560,Fashion,1496.62,869,2023-04-03 18:01:32
1561,Headphones 1561,Electronics,1269.6,647,2021-11-18 23:17:08
1562,Protein Bar 1562,Electronics,613.04,42,2021-02-27 16:12:56
1563,Backpack 1563,Books,1132.0,334,2022-09-12 23:27:01
1564,Notebook 1564,Beauty,445.49,51,2022-02-07 21:11:27
1565,Protein Bar 1565,Home,1506.92,589,2022-10-11 05:20:45
1566,Notebook 1566,Electronics,448.06,296,2022-09-01 01:05:38
1567,Protein Bar 1567,Fashion,268.72,84,2021-06-29 08:43:42
1568,Coffee Maker 1568,Books,1491.9,561,2023-02-22 01:47:05
1569,Protein Bar 1569,Sports,174.73,513,2021-11-04 09:28:53
1570,Protein Bar 1570,Beauty,265.1,138,2022-08-18 19:39:27
1571,Coffee Maker 1571,Books,400.23,404,2023-01-08 02:36:38
1572,Headphones 1572,Fashion,1124.53,753,2022-06-06 00:04:57
1573,Notebook 1573,Fashion,488.42,272,2021-12-11 05:07:18
1574,Protein Bar 1574,Sports,1371.05,589,2021-04-12 18:10:55
1575,Keyboard 1575,Electronics,1345.14,433,2021-06-01 06:10:29
1576,Backpack 1576,Sports,385.03,352,2023-04-30 13:53:16
1577,Headphones 1577,Beauty,53.29,312,2022-08-23 13:04:02
1578,Monitor 1578,Sports,1234.36,822,2022-08-21 11:37:47
1579,Coffee Maker 1579,Books,295.91,45,2022-08-09 04:17:01
1580,Sneakers 1580,Fashion,1372.29,159,2022-04-26 15:18:17
1581,Keyboard 1581,Electronics,1480.47,248,2021-01-31 04:31:53
1582,Headphones 1582,Fashion,1738.16,839,2021-07-28 09:09:21
1583,T-Shirt 1583,Electronics,689.83,823,2021-09-14 06:56:55
1584,Keyboard 1584,Sports,902.87,23,2021-03-12 11:27:49
1585,Backpack 1585,Fashion,1481.33,216,2022-04-30 22:57:03
1586,Sneakers 1586,Books,1048.92,264,2022-02-25 09:56:49
1587,Notebook 1587,Home,1247.97,144,2021-10-26 08:41:00
1588,Laptop 1588,Home,1168.09,679,2022-07-26 01:58:33
1589,Notebook 1589,Electronics,514.64,61,2022-03-30 15:20:48
1590,T-Shirt 1590,Fashion,1579.43,632,2021-08-07 13:22:01
1591,T-Shirt 1591,Electronics,932.6,967,2021-09-05 15:49:06
1592,Laptop 1592,Electronics,780.35,277,2021-12-03 00:41:28
1593,Backpack 1593,Electronics,43.06,888,2023-01-20 07:45:27
1594,Protein Bar 1594,Fashion,1959.69,520,2021-03-24 14:44:09
1595,Keyboard 1595,Sports,971.9,611,2022-05-01 09:34:58
1596,Notebook 1596,Electronics,376.9,512,2022-02-21 18:34:27
1597,Coffee Maker 1597,Books,1853.07,22,2022-12-07 12:10:26
1598,Laptop 1598,Fashion,1844.93,312,2022-12-31 01:24:33
1599,Backpack 1599,Home,789.83,160,2023-05-01 16:38:40
1600,Laptop 1600,Sports,1370.2,363,2021-08-14 02:28:01
1601,T-Shirt 1601,Fashion,1992.01,513,2023-04-22 11:11:09
1602,T-Shirt 1602,Electronics,1253.46,899,2021-08-02 05:08:56
1603,Protein Bar 1603,Electronics,1888.55,971,2021-08-12 00:16:19
1604,T-Shirt 1604,Fashion,307.66,918,2022-08-15 19:37:28
1605,Protein Bar 1605,Beauty,278.84,747,2022-01-25 19:27:19
1606,Protein Bar 1606,Books,1921.41,627,2021-02-12 06:58:55
1607,Sneakers 1607,Home,484.52,156,2022-06-08 02:37:38
1608,Protein Bar 1608,Sports,1819.92,337,2022-06-01 15:59:07
1609,Coffee Maker 1609,Books,267.89,668,2022-09-09 21:46:05
1610,Monitor 1610,Books,1085.0,819,2021-11-08 02:25:11
1611,Sneakers 1611,Fashion,621.45,722,2023-01-28 14:59:10
1612,Notebook 1612,Fashion,862.98,930,2021-09-15 15:21:07
1613,Monitor 1613,Beauty,1866.39,939,2022-06-13 18:21:22
1614,Monitor 1614,Sports,140.29,545,2021-04-14 03:17:43
1615,Keyboard 1615,Fashion,638.61,900,2022-03-25 23:13:03
1616,Monitor 1616,Beauty,63.82,326,2022-03-08 10:08:19
1617,Protein Bar 1617,Home,610.18,763,2021-01-07 17:24:39
1618,T-Shirt 1618,Fashion,1559.32,109,2022-12-01 15:48:57
1619,Monitor 1619,Fashion,57.27,626,2022-06-24 00:16:33
1620,Headphones 1620,Sports,1213.18,627,2023-01-04 21:57:56
1621,Sneakers 1621,Books,468.2,703,2022-09-29 11:13:27
1622,Laptop 1622,Sports,163.55,798,2023-01-15 23:35:04
1623,Coffee Maker 1623,Fashion,1007.14,619,2021-09-21 01:16:49
1624,Coffee Maker 1624,Beauty,1300.89,188,2022-10-03 13:08:21
1625,Protein Bar 1625,Home,950.32,167,2022-05-03 22:24:20
1626,Sneakers 1626,Fashion,69.3,782,2022-02-08 22:07:47
1627,Laptop 1627,Sports,1900.65,227,2021-03-08 18:04:36
1628,Sneakers 1628,Fashion,136.94,949,2021-04-19 09:56:20
1629,Coffee Maker 1629,Books,982.44,332,2022-04-08 00:58:09
1630,Coffee Maker 1630,Fashion,857.97,794,2022-01-31 00:32:38
1631,Laptop 1631,Books,1471.99,389,2023-02-13 13:19:52
1632,Backpack 1632,Home,1224.95,760,2023-05-11 02:11:04
1633,Headphones 1633,Books,1074.64,656,2021-06-20 07:20:55
1634,Laptop 1634,Books,223.09,467,2022-03-18 08:12:39
1635,Laptop 1635,Fashion,1039.81,405,2021-11-06 20:54:26
1636,Laptop 1636,Books,777.86,783,2021-09-18 10:53:29
1637,Laptop 1637,Fashion,585.9,407,2021-11-29 18:04:43
1638,T-Shirt 1638,Sports,925.39,432,2021-05-30 07:26:16
1639,T-Shirt 1639,Books,1838.47,706,2022-10-26 18:19:44
1640,Notebook 1640,Fashion,929.84,661,2021-05-30 13:58:24
1641,Coffee Maker 1641,Electronics,1446.68,115,2023-03-13 09:11:04
1642,Monitor 1642,Books,1876.0,712,2022-12-25 09:50:48
1643,Notebook 1643,Fashion,789.17,331,2023-01-07 13:44:29
1644,Coffee Maker 1644,Electronics,361.86,604,2021-12-12 06:36:18
1645,Sneakers 1645,Home,184.91,331,2021-07-29 22:06:21
1646,Monitor 1646,Beauty,1467.86,93,2023-03-31 10:24:27
1647,Keyboard 1647,Beauty,901.55,371,2022-08-19 06:59:45
1648,Keyboard 1648,Books,1416.02,744,2022-11-16 18:46:04
1649,Notebook 1649,Books,1899.76,387,2022-03-15 15:19:09
1650,Notebook 1650,Home,92.59,174,2022-06-19 08:06:41
1651,Backpack 1651,Books,1743.25,883,2021-07-27 00:08:49
1652,Monitor 1652,Fashion,1738.29,183,2021-05-21 09:32:30
1653,Laptop 1653,Home,619.58,747,2023-03-21 19:22:10
1654,Coffee Maker 1654,Sports,1254.77,120,2021-06-24 07:10:41
1655,Monitor 1655,Fashion,12.05,783,2022-06-04 00:55:17
1656,T-Shirt 1656,Electronics,919.99,875,2022-09-20 06:33:53
1657,Coffee Maker 1657,Books,1615.87,622,2021-06-20 12:07:28
1658,Coffee Maker 1658,Fashion,437.66,675,2021-11-20 02:14:08
1659,Coffee Maker 1659,Home,823.25,81,2022-07-30 07:23:57
1660,Headphones 1660,Books,18.11,903,2021-01-19 02:18:57
1661,Notebook 1661,Sports,1241.43,570,2022-04-11 06:30:45
1662,Sneakers 1662,Electronics,373.76,56,2021-11-28 19:14:04
1663,Backpack 1663,Electronics,295.02,33,2021-05-01 20:06:13
1664,Headphones 1664,Books,600.39,942,2023-03-31 11:01:39
1665,Keyboard 1665,Electronics,222.23,182,2021-11-22 13:24:57
1666,Monitor 1666,Beauty,572.34,676,2023-05-23 23:46:42
1667,Headphones 1667,Books,1575.68,181,2021-10-22 10:13:03
1668,Coffee Maker 1668,Beauty,1160.04,953,2021-09-30 01:33:20
1669,Laptop 1669,Electronics,1538.18,330,2022-04-11 05:22:02
1670,Backpack 1670,Home,1641.43,776,2021-01-21 06:22:25
1671,Protein Bar 1671,Books,134.53,482,2021-04-27 22:00:05
1672,Monitor 1672,Electronics,1390.77,281,2021-03-31 08:56:56
1673,Backpack 1673,Books,830.45,214,2022-06-16 16:28:33
1674,Sneakers 1674,Books,121.08,585,2021-11-03 01:42:31
1675,Notebook 1675,Electronics,969.91,705,2021-04-11 01:46:26
1676,Headphones 1676,Beauty,577.94,623,2022-03-27 18:33:15
1677,Backpack 1677,Sports,1053.16,638,2021-06-07 14:09:24
1678,Backpack 1678,Fashion,1230.51,508,2022-05-27 03:18:08
1679,Notebook 1679,Beauty,1265.56,504,2021-08-22 23:20:18
1680,Monitor 1680,Books,469.28,297,2022-11-17 19:33:18
1681,Sneakers 1681,Electronics,240.82,476,2022-06-09 07:14:36
1682,Keyboard 1682,Beauty,1696.9,818,2021-05-10 06:18:19
1683,Headphones 1683,Home,831.01,341,2022-03-25 01:03:30
1684,Backpack 1684,Books,1613.06,217,2022-03-02 08:55:48
1685,Laptop 1685,Beauty,406.37,288,2021-08-13 04:09:11
1686,T-Shirt 1686,Electronics,619.01,518,2021-01-18 14:36:52
1687,Notebook 1687,Sports,1535.23,116,2021-11-13 07:45:54
1688,Backpack 1688,Sports,795.12,582,2023-02-01 23:43:48
1689,Headphones 1689,Electronics,1664.93,198,2023-03-28 07:43:52
1690,Backpack 1690,Sports,1844.95,490,2022-10-12 15:56:17
1691,Coffee Maker 1691,Electronics,1293.08,493,2021-01-29 15:49:28
1692,Monitor 1692,Beauty,923.93,885,2022-06-22 01:26:13
1693,Notebook 1693,Sports,927.63,833,2022-08-25 12:03:08
1694,Protein Bar 1694,Beauty,116.76,533,2022-07-31 06:56:27
1695,T-Shirt 1695,Books,1451.3,323,2021-10-08 10:37:55
1696,Notebook 1696,Books,42.34,591,2022-07-22 14:01:43
1697,Backpack 1697,Sports,137.1,152,2021-04-09 02:25:52
1698,T-Shirt 1698,Electronics,681.61,384,2023-05-12 12:30:16
1699,Notebook 1699,Fashion,1144.11,398,2023-04-09 01:20:04
1700,Monitor 1700,Books,238.11,801,2021-05-14 23:26:53
1701,T-Shirt 1701,Beauty,1716.35,726,2023-05-07 21:10:43
1702,Laptop 1702,Sports,830.67,508,2023-02-20 03:53:11
1703,Sneakers 1703,Sports,906.55,973,2022-02-11 18:30:55
1704,T-Shirt 1704,Fashion,1052.58,179,2022-03-04 20:00:36
1705,Keyboard 1705,Sports,1570.96,796,2022-02-06 02:29:45
1706,Sneakers 1706,Electronics,890.33,25,2022-09-18 06:55:39
1707,Coffee Maker 1707,Books,312.39,348,2022-01-11 20:33:51
1708,Coffee Maker 1708,Beauty,1748.39,317,2021-01-11 13:00:16
1709,Backpack 1709,Fashion,1540.12,100,2023-05-15 23:45:07
1710,Notebook 1710,Beauty,1985.48,210,2021-01-26 04:51:04
1711,Laptop 1711,Home,778.24,885,2022-10-24 10:53:22
1712,Notebook 1712,Electronics,13.2,954,2021-05-27 09:33:29
1713,Laptop 1713,Beauty,1697.01,892,2021-11-14 08:32:02
1714,Keyboard 1714,Sports,936.42,47,2021-06-06 05:49:16
1715,Keyboard 1715,Books,1533.53,763,2022-06-01 02:41:57
1716,T-Shirt 1716,Electronics,1157.23,319,2022-02-06 09:14:04
1717,Sneakers 1717,Sports,405.11,293,2022-01-22 02:06:27
1718,T-Shirt 1718,Books,641.7,451,2023-05-12 07:12:14
1719,Keyboard 1719,Sports,302.89,280,2023-05-09 14:44:47
1720,Keyboard 1720,Electronics,1916.8,573,2022-06-21 07:15:59
1721,Notebook 1721,Electronics,417.12,358,2022-01-18 04:23:16
1722,Notebook 1722,Sports,545.75,965,2022-10-01 17:49:59
1723,T-Shirt 1723,Books,493.43,72,2022-08-30 14:18:57
1724,T-Shirt 1724,Books,1785.02,553,2022-04-09 09:03:10
1725,Coffee Maker 1725,Electronics,264.5,482,2021-04-04 15:38:23
1726,Laptop 1726,Electronics,770.28,88,2021-01-31 08:00:39
1727,Protein Bar 1727,Home,362.07,610,2021-06-01 20:14:16
1728,Headphones 1728,Beauty,1673.17,716,2023-01-25 14:37:02
1729,Coffee Maker 1729,Books,714.47,340,2022-01-20 23:57:20
1730,Sneakers 1730,Beauty,1518.01,828,2021-08-10 13:17:56
1731,Notebook 1731,Electronics,1947.5,773,2023-05-02 13:52:07
1732,Coffee Maker 1732,Books,267.93,832,2021-10-06 14:36:14
1733,Coffee Maker 1733,Electronics,913.89,700,2021-12-26 08:58:49
1734,Coffee Maker 1734,Home,467.23,229,2021-12-08 02:36:50
1735,Monitor 1735,Books,519.82,372,2023-01-02 14:34:47
1736,Protein Bar 1736,Fashion,1400.73,681,2021-05-16 18:05:29
1737,Backpack 1737,Sports,909.3,30,2022-10-08 10:36:11
1738,Keyboard 1738,Home,230.21,490,2022-11-20 00:55:57
1739,Coffee Maker 1739,Fashion,568.1,356,2021-03-03 19:53:02
1740,Headphones 1740,Books,259.15,105,2022-09-29 13:07:40
1741,Protein Bar 1741,Beauty,1594.53,333,2021-05-28 10:01:03
1742,Notebook 1742,Beauty,146.49,309,2021-06-12 03:58:34
1743,Notebook 1743,Home,804.63,423,2021-03-11 22:40:37
1744,Sneakers 1744,Books,491.16,162,2023-04-24 14:17:49
1745,Coffee Maker 1745,Home,136.79,213,2022-07-15 17:01:15
1746,Headphones 1746,Home,1569.71,445,2021-09-10 05:34:03
1747,Headphones 1747,Sports,1091.33,241,2022-03-02 21:38:42
1748,Monitor 1748,Beauty,1340.86,757,2021-12-07 09:45:51
1749,Headphones 1749,Home,233.07,610,2021-10-31 10:02:22
1750,Coffee Maker 1750,Sports,1112.4,841,2023-05-28 07:17:39
1751,Coffee Maker 1751,Fashion,619.53,415,2022-02-19 20:00:00
1752,Keyboard 1752,Books,221.95,833,2022-09-21 07:08:48
1753,Headphones 1753,Home,658.18,660,2022-11-14 07:58:14
1754,Laptop 1754,Electronics,439.14,142,2022-09-01 22:49:19
1755,Headphones 1755,Beauty,1620.63,775,2022-12-31 19:46:46
1756,Monitor 1756,Beauty,302.69,544,2023-02-20 14:41:56
1757,T-Shirt 1757,Home,1233.07,457,2021-08-14 00:02:38
1758,Sneakers 1758,Fashion,1364.63,324,2023-01-17 07:13:21
1759,T-Shirt 1759,Books,1589.72,695,2023-04-21 18:01:36
1760,T-Shirt 1760,Home,1436.99,937,2022-12-24 08:06:50
1761,Backpack 1761,Electronics,1167.54,626,2021-09-16 05:34:42
1762,Notebook 1762,Home,1696.04,872,2021-12-13 02:53:53
1763,T-Shirt 1763,Electronics,741.6,562,2022-02-05 15:03:51
1764,Laptop 1764,Electronics,1408.19,840,2021-02-23 15:06:41
1765,Backpack 1765,Electronics,1723.19,886,2021-10-08 23:32:16
1766,Laptop 1766,Fashion,866.27,604,2021-05-12 07:17:07
1767,Protein Bar 1767,Beauty,639.66,391,2022-02-25 06:13:48
1768,Protein Bar 1768,Home,873.2,216,2022-01-31 07:18:17
1769,Monitor 1769,Home,282.44,568,2022-03-19 02:32:41
1770,Protein Bar 1770,Sports,1680.73,157,2022-01-30 17:37:25
1771,T-Shirt 1771,Beauty,255.47,11,2021-12-30 00:45:57
1772,Keyboard 1772,Beauty,36.34,738,2023-02-09 00:34:35
1773,Coffee Maker 1773,Beauty,876.29,139,2022-09-01 19:12:35
1774,Keyboard 1774,Fashion,1286.27,425,2023-01-25 21:54:52
1775,Coffee Maker 1775,Beauty,1210.84,435,2023-05-14 07:17:46
1776,Headphones 1776,Fashion,911.52,434,2023-01-03 22:45:53
1777,Notebook 1777,Home,772.51,231,2021-11-20 14:00:44
1778,Monitor 1778,Home,1211.12,591,2021-03-24 19:19:01
1779,Coffee Maker 1779,Beauty,477.32,513,2022-11-24 15:32:28
1780,T-Shirt 1780,Home,1853.5,590,2022-02-15 18:10:01
1781,Backpack 1781,Electronics,1956.58,581,2021-09-05 20:36:38
1782,Coffee Maker 1782,Beauty,740.31,594,2022-07-25 18:04:58
1783,Coffee Maker 1783,Beauty,164.73,747,2023-03-18 18:38:34
1784,Notebook 1784,Sports,932.55,80,2021-06-29 04:35:40
1785,Notebook 1785,Books,181.45,483,2021-07-06 05:03:41
1786,Keyboard 1786,Beauty,1269.21,817,2022-07-29 15:04:06
1787,Headphones 1787,Sports,1228.01,925,2022-11-06 13:39:13
1788,Backpack 1788,Books,1558.16,480,2023-05-11 22:27:09
1789,Coffee Maker 1789,Books,1812.58,587,2022-01-26 18:01:47
1790,Backpack 1790,Home,709.06,817,2021-09-21 00:18:45
1791,T-Shirt 1791,Sports,339.18,711,2023-04-24 16:02:04
1792,Headphones 1792,Beauty,611.62,803,2021-03-02 15:21:29
1793,Headphones 1793,Sports,127.53,484,2022-12-26 03:15:50
1794,Headphones 1794,Fashion,1147.86,672,2021-09-19 16:52:39
1795,T-Shirt 1795,Beauty,1250.51,293,2023-03-02 13:03:45
1796,Coffee Maker 1796,Electronics,258.01,78,2022-08-25 02:57:07
1797,T-Shirt 1797,Sports,269.41,287,2023-04-02 16:20:21
1798,T-Shirt 1798,Sports,33.34,114,2022-05-27 04:52:19
1799,Headphones 1799,Fashion,1820.71,756,2022-04-12 21:46:41
1800,Monitor 1800,Beauty,896.07,827,2022-05-26 14:29:13
1801,Monitor 1801,Sports,1566.14,241,2021-12-01 20:53:36
1802,Coffee Maker 1802,Fashion,1599.75,882,2023-03-24 00:32:11
1803,Laptop 1803,Sports,1968.22,990,2021-11-10 16:30:31
1804,Monitor 1804,Books,1868.21,157,2022-04-29 12:32:24
1805,Coffee Maker 1805,Home,1541.88,243,2021-03-09 17:20:30
1806,Coffee Maker 1806,Beauty,1276.96,215,2023-01-27 05:19:46
1807,Headphones 1807,Beauty,1684.46,55,2022-05-29 14:18:41
1808,T-Shirt 1808,Electronics,109.78,475,2021-06-18 14:43:54
1809,Protein Bar 1809,Home,606.23,764,2021-11-04 10:53:22
1810,Notebook 1810,Fashion,762.7,722,2023-02-19 03:51:12
1811,Protein Bar 1811,Home,528.94,543,2021-08-02 17:12:03
1812,Protein Bar 1812,Electronics,581.14,816,2021-06-29 09:32:29
1813,Coffee Maker 1813,Home,1358.59,984,2023-02-11 17:26:57
1814,Notebook 1814,Beauty,1911.96,99,2023-05-25 15:47:35
1815,Notebook 1815,Beauty,710.89,864,2022-10-04 18:48:40
1816,Protein Bar 1816,Books,1836.49,878,2022-09-14 15:51:57
1817,T-Shirt 1817,Sports,544.3,821,2021-11-27 20:13:03
1818,Keyboard 1818,Sports,1310.41,400,2023-02-05 05:53:38
1819,Coffee Maker 1819,Beauty,1499.44,751,2021-09-29 15:07:16
1820,Headphones 1820,Fashion,1042.3,693,2023-04-30 20:05:34
1821,Monitor 1821,Sports,1097.49,688,2022-09-10 05:45:10
1822,Laptop 1822,Electronics,28.86,100,2021-02-12 01:59:50
1823,Notebook 1823,Electronics,1372.57,359,2022-02-06 18:26:29
1824,Sneakers 1824,Beauty,570.18,197,2021-09-25 14:17:11
1825,Laptop 1825,Electronics,1240.7,58,2022-07-25 21:16:57
1826,Headphones 1826,Beauty,1788.46,222,2022-02-01 14:29:36
1827,Headphones 1827,Beauty,247.97,980,2022-08-31 11:43:09
1828,Keyboard 1828,Electronics,1713.6,133,2023-02-08 06:03:29
1829,Protein Bar 1829,Beauty,1528.9,663,2021-03-20 06:36:16
1830,Headphones 1830,Fashion,1792.52,712,2023-05-27 17:41:33
1831,Monitor 1831,Sports,592.66,676,2021-07-28 06:57:55
1832,Keyboard 1832,Beauty,909.62,283,2021-01-16 19:44:35
1833,Protein Bar 1833,Beauty,1807.27,788,2021-09-05 10:14:22
1834,Backpack 1834,Sports,328.12,75,2021-02-24 02:25:29
1835,T-Shirt 1835,Electronics,768.68,340,2021-06-27 23:52:50
1836,Laptop 1836,Sports,1911.43,271,2022-12-13 18:42:46
1837,Monitor 1837,Home,143.45,950,2022-10-01 03:39:46
1838,Sneakers 1838,Books,788.31,660,2022-03-04 20:56:52
1839,Coffee Maker 1839,Electronics,292.03,787,2023-02-28 05:28:05
1840,Protein Bar 1840,Fashion,1229.86,108,2022-07-14 16:33:07
1841,Coffee Maker 1841,Beauty,521.7,35,2021-06-09 19:49:41
1842,Keyboard 1842,Electronics,1144.83,256,2023-05-29 04:51:04
1843,Coffee Maker 1843,Electronics,1793.54,152,2022-12-02 13:19:11
1844,Laptop 1844,Electronics,1330.89,272,2022-08-13 20:26:46
1845,Monitor 1845,Beauty,663.01,400,2021-12-10 21:07:17
1846,Headphones 1846,Electronics,1033.19,962,2022-07-19 22:09:04
1847,Coffee Maker 1847,Home,874.94,864,2022-02-11 17:25:35
1848,Keyboard 1848,Books,455.56,393,2023-05-18 07:49:46
1849,Coffee Maker 1849,Electronics,1136.65,957,2022-03-29 07:54:20
1850,Backpack 1850,Sports,1365.26,410,2022-11-21 23:56:55
1851,Laptop 1851,Beauty,1994.05,662,2021-09-24 12:27:03
1852,Keyboard 1852,Sports,1071.58,983,2023-02-27 22:16:26
1853,Backpack 1853,Electronics,1683.16,778,2022-04-21 10:45:29
1854,T-Shirt 1854,Beauty,410.23,567,2022-08-06 19:44:12
1855,Laptop 1855,Home,1323.16,306,2021-03-18 13:41:40
1856,Protein Bar 1856,Electronics,1263.08,367,2021-04-03 04:29:51
1857,Coffee Maker 1857,Electronics,1771.0,448,2023-04-09 20:55:59
1858,Sneakers 1858,Fashion,76.22,25,2022-04-30 10:03:35
1859,Headphones 1859,Fashion,981.02,64,2022-11-07 15:16:03
1860,Notebook 1860,Beauty,618.92,546,2022-07-28 17:21:17
1861,Coffee Maker 1861,Electronics,78.9,57,2022-03-28 15:04:49
1862,Backpack 1862,Beauty,90.41,121,2021-02-24 12:30:04
1863,Sneakers 1863,Beauty,1336.3,469,2023-01-23 13:06:16
1864,Notebook 1864,Fashion,1483.4,238,2021-02-17 19:59:32
1865,Keyboard 1865,Electronics,1472.24,500,2023-04-10 16:20:38
1866,Laptop 1866,Home,1814.82,633,2022-06-15 11:14:35
1867,Laptop 1867,Fashion,1404.09,133,2021-01-23 08:26:57
1868,Laptop 1868,Fashion,1267.16,926,2023-01-16 10:16:42
1869,T-Shirt 1869,Electronics,915.09,174,2021-08-22 15:18:49
1870,Headphones 1870,Electronics,1636.51,108,2021-01-24 01:18:01
1871,Keyboard 1871,Home,1191.98,630,2021-04-08 17:21:25
1872,Sneakers 1872,Electronics,1609.88,436,2021-02-12 01:02:20
1873,Backpack 1873,Beauty,1358.4,332,2021-07-09 00:33:07
1874,Keyboard 1874,Beauty,1154.05,140,2021-02-21 09:56:31
1875,Backpack 1875,Fashion,1529.63,607,2022-12-21 07:27:41
1876,Monitor 1876,Sports,131.13,280,2022-02-28 21:35:41
1877,Monitor 1877,Home,340.26,378,2021-01-20 00:12:59
1878,Notebook 1878,Fashion,880.13,947,2021-11-07 09:40:18
1879,Headphones 1879,Electronics,271.07,810,2023-03-16 10:30:13
1880,Headphones 1880,Home,1556.43,16,2021-12-28 13:17:38
1881,Coffee Maker 1881,Electronics,17.67,183,2022-05-08 00:27:27
1882,Keyboard 1882,Beauty,1305.25,908,2021-04-09 08:12:59
1883,T-Shirt 1883,Home,1388.54,811,2022-04-29 13:16:55
1884,Coffee Maker 1884,Beauty,258.15,146,2021-06-17 13:32:51
1885,T-Shirt 1885,Books,903.59,244,2021-09-13 11:09:47
1886,Monitor 1886,Books,1384.89,610,2023-05-29 01:41:08
1887,Monitor 1887,Beauty,1002.28,973,2023-03-05 03:14:27
1888,Keyboard 1888,Beauty,1653.83,308,2022-01-22 04:59:35
1889,Backpack 1889,Home,14.12,241,2021-09-19 02:19:00
1890,Sneakers 1890,Electronics,1973.27,1000,2021-06-13 01:39:45
1891,Keyboard 1891,Books,726.99,779,2023-04-07 05:55:42
1892,Notebook 1892,Books,442.46,788,2022-02-26 16:16:36
1893,Sneakers 1893,Sports,110.87,115,2021-08-04 22:35:28
1894,Monitor 1894,Beauty,1688.34,933,2021-06-26 17:43:56
1895,Coffee Maker 1895,Home,356.77,686,2022-01-10 15:00:22
1896,Laptop 1896,Electronics,1291.5,291,2022-02-12 15:38:01
1897,Sneakers 1897,Home,506.51,631,2021-04-09 04:47:05
1898,Coffee Maker 1898,Electronics,213.32,53,2021-08-02 08:14:26
1899,Notebook 1899,Fashion,320.3,29,2022-05-30 00:04:25
1900,Coffee Maker 1900,Books,236.55,916,2021-07-30 11:54:11
1901,Sneakers 1901,Beauty,892.42,593,2021-05-04 11:03:29
1902,Backpack 1902,Home,401.51,693,2022-03-31 15:11:27
1903,Backpack 1903,Fashion,1559.06,333,2021-07-08 03:03:15
1904,Sneakers 1904,Electronics,478.05,422,2023-02-26 12:34:19
1905,Sneakers 1905,Home,1783.27,75,2021-10-09 23:42:14
1906,Coffee Maker 1906,Books,971.39,911,2021-05-17 09:37:16
1907,Protein Bar 1907,Fashion,436.25,624,2021-05-18 21:47:35
1908,Coffee Maker 1908,Fashion,777.72,139,2022-11-18 01:00:23
1909,Coffee Maker 1909,Beauty,392.34,367,2021-11-11 00:53:22
1910,T-Shirt 1910,Fashion,675.1,32,2022-07-14 21:15:51
1911,Headphones 1911,Electronics,564.81,113,2021-08-24 08:08:12
1912,Coffee Maker 1912,Home,839.36,778,2022-05-19 13:43:10
1913,Backpack 1913,Fashion,1773.39,618,2021-08-26 10:31:02
1914,Monitor 1914,Beauty,1905.76,927,2022-12-08 11:52:41
1915,Monitor 1915,Books,1940.42,875,2022-03-05 05:26:43
1916,Sneakers 1916,Electronics,826.33,534,2023-03-08 14:07:12
1917,Coffee Maker 1917,Fashion,1185.2,857,2021-02-24 06:40:03
1918,Coffee Maker 1918,Sports,33.94,438,2023-02-14 11:59:58
1919,Sneakers 1919,Fashion,657.96,593,2023-02-10 05:12:37
1920,Sneakers 1920,Books,1892.77,935,2021-12-28 16:43:51
1921,Headphones 1921,Electronics,838.45,45,2021-11-30 07:47:14
1922,Laptop 1922,Home,1468.29,516,2022-08-08 18:54:02
1923,Laptop 1923,Home,1064.59,490,2022-02-08 07:39:35
1924,Keyboard 1924,Home,993.09,85,2023-02-06 09:40:04
1925,Notebook 1925,Electronics,1387.85,416,2022-09-01 14:09:01
1926,Sneakers 1926,Fashion,720.02,244,2021-10-17 19:25:26
1927,Keyboard 1927,Electronics,962.17,312,2022-07-12 05:51:26
1928,Monitor 1928,Beauty,921.27,584,2021-10-18 21:19:03
1929,Headphones 1929,Electronics,1952.96,474,2023-04-13 10:16:34
1930,Monitor 1930,Beauty,813.69,808,2021-12-28 20:52:23
1931,Backpack 1931,Beauty,931.27,648,2022-07-09 22:24:54
1932,Laptop 1932,Beauty,146.04,914,2023-05-23 17:52:28
1933,Backpack 1933,Books,70.26,436,2022-01-29 00:31:46
1934,T-Shirt 1934,Beauty,1892.46,555,2022-11-05 06:30:57
1935,Headphones 1935,Fashion,1576.45,82,2022-01-12 19:08:35
1936,Headphones 1936,Sports,1472.84,56,2022-09-25 04:27:59
1937,Notebook 1937,Beauty,731.16,52,2021-04-03 11:27:41
1938,Keyboard 1938,Home,734.35,633,2022-08-01 19:51:36
1939,Laptop 1939,Sports,736.03,663,2021-07-27 04:13:30
1940,Notebook 1940,Beauty,138.68,726,2022-07-10 03:10:42
1941,Sneakers 1941,Fashion,1962.6,244,2022-03-09 09:26:24
1942,Notebook 1942,Electronics,1299.83,755,2022-09-19 01:12:57
1943,Headphones 1943,Beauty,423.54,762,2023-04-23 04:56:59
1944,Sneakers 1944,Sports,708.66,273,2021-11-10 12:04:00
1945,Notebook 1945,Beauty,848.74,55,2022-01-04 20:03:30
1946,Keyboard 1946,Sports,693.73,497,2022-03-01 22:55:14
1947,Notebook 1947,Books,1659.97,481,2023-04-22 15:26:25
1948,Notebook 1948,Beauty,1651.63,921,2022-07-04 04:07:48
1949,T-Shirt 1949,Home,1243.8,819,2023-04-08 10:59:13
1950,Keyboard 1950,Fashion,1784.35,468,2023-01-06 13:00:45
1951,Keyboard 1951,Electronics,784.41,183,2022-01-19 07:58:09
1952,T-Shirt 1952,Electronics,223.18,282,2021-02-19 13:33:38
1953,Keyboard 1953,Beauty,300.17,154,2021-06-29 18:27:34
1954,Sneakers 1954,Books,1904.45,23,2022-02-12 00:46:00
1955,T-Shirt 1955,Home,1939.3,554,2023-03-17 02:17:50
1956,Monitor 1956,Home,696.67,454,2021-03-11 19:07:30
1957,Laptop 1957,Sports,382.18,22,2021-02-24 17:02:46
1958,Sneakers 1958,Books,1291.12,421,2021-09-23 08:36:35
1959,Headphones 1959,Sports,1313.24,805,2021-08-22 06:57:59
1960,Backpack 1960,Home,1188.75,713,2022-11-19 13:32:41
1961,Notebook 1961,Books,893.29,311,2022-08-13 21:27:28
1962,Headphones 1962,Fashion,1797.07,313,2022-04-03 21:49:26
1963,Monitor 1963,Sports,457.43,380,2022-07-22 21:09:36
1964,T-Shirt 1964,Electronics,300.93,291,2021-10-08 05:13:59
1965,Coffee Maker 1965,Fashion,1239.17,164,2022-03-26 14:28:27
1966,Notebook 1966,Sports,368.65,179,2021-07-19 14:16:51
1967,Monitor 1967,Fashion,479.62,42,2021-11-05 13:07:45
1968,Backpack 1968,Books,257.31,266,2022-11-07 20:51:46
1969,Backpack 1969,Fashion,414.28,724,2021-04-16 22:45:09
1970,Laptop 1970,Beauty,637.3,352,2021-07-20 15:31:34
1971,Monitor 1971,Sports,899.62,998,2021-09-13 13:17:00
1972,Monitor 1972,Books,606.61,942,2021-10-04 15:11:20
1973,Laptop 1973,Home,1862.48,786,2022-11-05 09:33:29
1974,Monitor 1974,Home,1855.98,159,2022-12-29 04:11:53
1975,Laptop 1975,Beauty,1094.56,519,2022-10-25 21:05:35
1976,Backpack 1976,Beauty,1412.38,485,2022-06-24 05:23:16
1977,T-Shirt 1977,Books,1335.44,818,2023-01-30 21:12:33
1978,Headphones 1978,Beauty,1814.23,452,2023-02-07 05:46:40
1979,Backpack 1979,Beauty,229.07,490,2023-05-14 22:35:20
1980,Laptop 1980,Fashion,1357.63,119,2021-05-12 06:40:54
1981,T-Shirt 1981,Electronics,806.25,861,2022-08-05 13:34:51
1982,Sneakers 1982,Home,718.0,334,2022-06-08 14:49:00
1983,Laptop 1983,Books,1284.42,597,2022-01-15 06:46:10
1984,Notebook 1984,Fashion,1563.66,785,2022-11-27 03:37:23
1985,T-Shirt 1985,Fashion,49.98,551,2023-02-11 05:14:11
1986,Coffee Maker 1986,Beauty,1344.76,89,2022-06-02 05:58:47
1987,Notebook 1987,Home,392.93,325,2022-01-06 00:02:40
1988,Headphones 1988,Books,1025.55,57,2023-03-24 10:40:27
1989,Backpack 1989,Home,300.15,874,2021-10-02 04:28:44
1990,Protein Bar 1990,Sports,775.29,12,2022-03-27 14:32:26
1991,T-Shirt 1991,Sports,705.95,1000,2022-05-17 03:39:18
1992,Coffee Maker 1992,Books,179.76,745,2022-06-08 00:06:38
1993,Coffee Maker 1993,Beauty,1985.23,822,2022-05-13 11:55:26
1994,Coffee Maker 1994,Sports,331.76,745,2023-02-20 19:18:36
1995,Protein Bar 1995,Beauty,1793.38,142,2021-05-11 00:49:09
1996,Headphones 1996,Books,176.73,212,2021-05-06 09:39:13
1997,T-Shirt 1997,Home,1976.82,537,2023-01-23 04:14:57
1998,Backpack 1998,Electronics,1866.64,604,2021-03-26 02:45:18
1999,Protein Bar 1999,Electronics,18.2,654,2021-07-30 02:07:02
2000,T-Shirt 2000,Home,353.91,473,2021-09-14 06:00:25
2001,Headphones 2001,Fashion,402.52,852,2022-05-24 19:26:48
2002,Protein Bar 2002,Sports,1109.96,43,2021-01-02 01:07:49
2003,T-Shirt 2003,Books,611.31,572,2021-12-19 12:50:51
2004,Coffee Maker 2004,Fashion,58.55,2,2022-01-15 02:36:43
2005,Monitor 2005,Sports,603.84,655,2022-12-23 07:42:02
2006,Coffee Maker 2006,Electronics,1309.36,914,2022-10-10 06:36:01
2007,T-Shirt 2007,Home,362.85,928,2022-04-08 03:56:27
2008,Sneakers 2008,Electronics,243.11,283,2022-11-15 06:11:42
2009,Coffee Maker 2009,Electronics,1199.79,370,2022-01-05 05:33:17
2010,Headphones 2010,Home,1133.32,889,2021-12-03 04:10:31
2011,T-Shirt 2011,Beauty,1373.4,997,2021-11-13 05:10:42
2012,Keyboard 2012,Sports,1027.49,589,2022-03-07 02:49:40
2013,Laptop 2013,Sports,329.88,59,2021-09-14 04:12:02
2014,Monitor 2014,Sports,924.78,709,2023-02-24 05:06:57
2015,Monitor 2015,Sports,330.8,279,2021-09-13 02:34:25
2016,Backpack 2016,Home,1274.31,978,2022-03-03 02:03:39
2017,Backpack 2017,Electronics,583.26,542,2021-03-14 10:26:47
2018,Keyboard 2018,Books,391.66,643,2021-02-26 15:11:16
2019,Monitor 2019,Electronics,1199.53,171,2022-11-04 04:14:21
2020,Notebook 2020,Sports,1745.52,846,2021-07-13 05:31:39
2021,T-Shirt 2021,Sports,1372.46,704,2021-10-18 05:10:17
2022,Backpack 2022,Electronics,1071.17,360,2023-02-05 18:10:29
2023,Monitor 2023,Electronics,278.21,288,2021-08-18 16:45:10
2024,Backpack 2024,Home,826.93,943,2022-03-08 15:53:34
2025,Monitor 2025,Electronics,439.66,515,2021-04-18 07:04:56
2026,Sneakers 2026,Fashion,1591.24,572,2022-04-08 00:14:12
2027,Headphones 2027,Beauty,1663.68,538,2022-07-29 12:40:22
2028,Notebook 2028,Beauty,1104.47,774,2022-03-28 23:05:09
2029,Keyboard 2029,Home,923.68,78,2021-10-10 01:33:46
2030,Keyboard 2030,Fashion,1847.2,491,2022-02-05 16:50:12
2031,Backpack 2031,Sports,1383.65,142,2023-05-04 16:24:24
2032,Coffee Maker 2032,Books,1048.63,993,2021-06-27 22:59:00
2033,Backpack 2033,Fashion,1421.24,29,2021-09-14 00:42:40
2034,Keyboard 2034,Fashion,261.79,710,2023-01-29 19:29:43
2035,Monitor 2035,Beauty,457.02,128,2022-05-19 18:10:32
2036,Sneakers 2036,Fashion,1962.31,435,2021-04-12 05:45:10
2037,Keyboard 2037,Electronics,42.52,495,2021-10-08 06:58:06
2038,Protein Bar 2038,Electronics,396.72,33,2022-02-24 07:55:32
2039,Notebook 2039,Books,123.23,121,2022-05-03 04:52:33
2040,T-Shirt 2040,Electronics,137.16,683,2023-02-03 14:44:56
2041,Laptop 2041,Electronics,1565.83,942,2021-12-31 04:35:56
2042,Headphones 2042,Fashion,1177.27,204,2023-04-26 17:54:01
2043,Monitor 2043,Beauty,706.31,92,2021-06-16 14:21:55
2044,Monitor 2044,Beauty,1883.98,971,2021-02-22 06:19:45
2045,Headphones 2045,Sports,707.65,875,2022-10-06 23:43:12
2046,Notebook 2046,Beauty,1227.85,517,2021-11-28 21:35:15
2047,Headphones 2047,Electronics,202.72,592,2021-12-26 23:42:04
2048,Laptop 2048,Books,437.91,196,2021-06-11 10:32:38
2049,T-Shirt 2049,Fashion,1803.81,550,2021-12-20 13:25:33
2050,Laptop 2050,Beauty,201.88,219,2022-05-28 23:22:02
2051,Notebook 2051,Beauty,952.06,714,2022-08-31 15:48:56
2052,Headphones 2052,Fashion,882.13,980,2023-03-25 06:16:08
2053,Keyboard 2053,Fashion,1670.31,388,2022-09-22 15:11:26
2054,Protein Bar 2054,Fashion,1030.93,417,2022-02-27 17:28:25
2055,Keyboard 2055,Sports,251.61,112,2021-03-02 01:58:52
2056,Notebook 2056,Fashion,994.15,369,2023-03-03 07:13:14
2057,T-Shirt 2057,Books,1445.66,84,2022-11-28 04:27:19
2058,Backpack 2058,Home,235.87,290,2022-02-24 14:05:44
2059,Coffee Maker 2059,Books,1473.67,703,2022-11-29 09:52:22
2060,Coffee Maker 2060,Fashion,1110.06,297,2021-05-21 08:14:19
2061,Protein Bar 2061,Fashion,1714.26,916,2023-04-15 04:47:23
2062,Coffee Maker 2062,Beauty,738.05,13,2022-08-17 21:19:26
2063,Coffee Maker 2063,Beauty,214.82,448,2022-05-11 09:14:33
2064,Notebook 2064,Beauty,1354.65,122,2021-02-17 04:30:37
2065,Monitor 2065,Home,804.25,604,2022-11-20 18:18:30
2066,Keyboard 2066,Beauty,1850.95,172,2022-09-16 10:19:12
2067,Keyboard 2067,Sports,1950.54,346,2022-02-06 12:17:49
2068,Sneakers 2068,Books,1688.84,413,2023-02-10 17:30:52
2069,Keyboard 2069,Fashion,1677.03,742,2022-09-27 06:43:08
2070,Coffee Maker 2070,Sports,1530.81,784,2021-01-10 06:32:31
2071,Headphones 2071,Books,549.58,808,2023-04-06 14:56:14
2072,Protein Bar 2072,Sports,954.27,617,2021-09-06 18:26:03
2073,Protein Bar 2073,Home,1025.27,150,2022-08-21 07:35:48
2074,Coffee Maker 2074,Electronics,248.77,501,2021-06-11 22:02:37
2075,Coffee Maker 2075,Fashion,1258.6,137,2022-02-15 20:28:19
2076,Laptop 2076,Electronics,1476.91,850,2022-02-28 22:14:53
2077,Keyboard 2077,Home,1357.82,995,2022-02-18 21:35:50
2078,Monitor 2078,Home,1211.14,334,2021-07-27 10:35:28
2079,Monitor 2079,Sports,1245.82,98,2023-04-10 17:48:46
2080,Keyboard 2080,Beauty,1504.46,785,2022-01-31 23:40:22
2081,Coffee Maker 2081,Home,407.85,677,2022-12-22 06:38:38
2082,Coffee Maker 2082,Home,1012.07,555,2023-03-25 16:47:49
2083,Backpack 2083,Books,1095.51,975,2021-02-24 18:09:15
2084,Laptop 2084,Home,1760.85,121,2022-12-21 03:19:39
2085,Protein Bar 2085,Home,632.55,385,2022-01-10 14:35:09
2086,Coffee Maker 2086,Home,76.78,181,2022-12-12 17:37:41
2087,Notebook 2087,Beauty,1721.42,310,2023-02-05 18:12:56
2088,Monitor 2088,Home,864.21,319,2021-12-26 12:18:24
2089,Protein Bar 2089,Home,1529.2,582,2022-11-30 08:57:52
2090,Coffee Maker 2090,Beauty,1109.8,552,2023-04-06 20:56:41
2091,Headphones 2091,Home,954.44,874,2022-11-30 19:50:00
2092,Monitor 2092,Books,116.2,269,2022-10-18 04:22:44
2093,Coffee Maker 2093,Books,1941.89,631,2022-06-06 17:09:08
2094,Backpack 2094,Sports,644.36,28,2022-12-28 23:00:03
2095,Headphones 2095,Electronics,260.76,375,2022-01-17 04:46:11
2096,Backpack 2096,Beauty,1170.01,783,2021-02-01 14:56:49
2097,Backpack 2097,Home,199.21,353,2022-08-20 12:58:41
2098,Backpack 2098,Home,705.78,677,2023-02-23 11:13:16
2099,Sneakers 2099,Fashion,473.07,319,2023-03-01 21:44:09
2100,Headphones 2100,Electronics,1821.23,67,2023-04-19 22:03:26
2101,T-Shirt 2101,Electronics,678.5,20,2022-05-31 18:09:43
2102,Notebook 2102,Sports,79.57,673,2021-10-11 20:23:16
2103,Protein Bar 2103,Books,1031.95,431,2022-01-05 00:19:29
2104,T-Shirt 2104,Electronics,1393.44,602,2021-02-27 21:10:52
2105,Laptop 2105,Sports,758.59,399,2022-09-28 23:47:40
2106,Backpack 2106,Books,199.96,500,2021-05-30 11:47:42
2107,Keyboard 2107,Beauty,1351.85,344,2021-09-08 18:59:40
2108,Coffee Maker 2108,Books,1623.86,683,2022-01-12 04:01:39
2109,Backpack 2109,Fashion,1231.58,372,2022-09-02 11:44:11
2110,Protein Bar 2110,Fashion,996.42,867,2022-03-31 06:55:52
2111,Keyboard 2111,Books,432.09,271,2022-01-13 09:58:13
2112,Laptop 2112,Sports,1992.47,411,2022-09-15 15:01:56
2113,Sneakers 2113,Books,1487.06,94,2021-01-15 04:26:35
2114,Headphones 2114,Electronics,1185.77,279,2022-05-03 20:39:11
2115,Keyboard 2115,Books,1603.37,486,2022-07-02 13:34:17
2116,Protein Bar 2116,Fashion,697.9,78,2022-11-27 14:55:00
2117,T-Shirt 2117,Books,1609.23,443,2022-11-16 11:06:36
2118,Notebook 2118,Sports,404.15,411,2021-10-17 20:20:15
2119,T-Shirt 2119,Books,1033.16,687,2021-04-16 08:18:18
2120,Notebook 2120,Fashion,1762.39,642,2022-05-01 18:53:36
2121,Notebook 2121,Fashion,1155.8,218,2022-10-14 23:48:57
2122,Coffee Maker 2122,Sports,1874.64,545,2023-02-10 00:40:57
2123,Headphones 2123,Home,1869.6,744,2022-04-22 12:21:22
2124,Laptop 2124,Books,405.29,473,2021-10-10 17:50:08
2125,Monitor 2125,Fashion,305.19,701,2022-04-08 03:12:15
2126,T-Shirt 2126,Home,823.47,880,2023-01-25 15:31:30
2127,Keyboard 2127,Beauty,411.1,422,2021-04-06 11:28:03
2128,T-Shirt 2128,Sports,1293.86,262,2022-05-25 08:20:06
2129,Headphones 2129,Fashion,814.7,116,2023-01-06 22:53:01
2130,Monitor 2130,Fashion,60.27,816,2023-04-03 20:42:32
2131,T-Shirt 2131,Home,973.34,446,2021-04-15 02:37:50
2132,Protein Bar 2132,Beauty,1811.78,206,2022-03-30 10:19:55
2133,Monitor 2133,Sports,277.18,264,2022-02-24 12:28:56
2134,T-Shirt 2134,Beauty,1103.66,659,2021-09-28 04:05:58
2135,Laptop 2135,Beauty,974.25,20,2021-02-20 15:25:43
2136,Laptop 2136,Electronics,631.24,305,2022-12-10 03:12:59
2137,Keyboard 2137,Home,1794.06,687,2022-11-19 01:35:25
2138,Keyboard 2138,Home,1886.61,741,2021-06-17 14:01:01
2139,Monitor 2139,Fashion,228.31,752,2022-01-16 07:20:11
2140,Notebook 2140,Electronics,1046.31,848,2022-06-08 18:39:41
2141,Headphones 2141,Books,507.36,905,2022-05-12 06:02:23
2142,Keyboard 2142,Fashion,1201.64,791,2021-05-19 06:05:48
2143,Backpack 2143,Sports,1665.51,754,2022-06-16 19:37:57
2144,Protein Bar 2144,Beauty,1489.2,957,2023-05-03 02:27:07
2145,Protein Bar 2145,Fashion,292.83,179,2022-08-17 22:05:08
2146,Sneakers 2146,Sports,881.75,260,2021-06-24 18:05:40
2147,Headphones 2147,Electronics,983.27,383,2021-02-23 04:02:17
2148,Keyboard 2148,Sports,1093.76,486,2022-01-03 14:22:34
2149,Sneakers 2149,Sports,1759.47,959,2022-12-09 06:36:36
2150,Monitor 2150,Sports,953.07,376,2021-07-17 21:02:07
2151,T-Shirt 2151,Electronics,1292.57,926,2022-10-29 03:49:37
2152,Headphones 2152,Electronics,1683.74,678,2022-05-03 01:12:32
2153,Laptop 2153,Beauty,1835.33,687,2022-07-22 04:22:14
2154,Sneakers 2154,Sports,1107.69,316,2023-01-07 22:50:20
2155,Backpack 2155,Beauty,248.5,887,2023-03-19 23:06:50
2156,Sneakers 2156,Home,780.0,931,2022-03-17 16:06:24
2157,Protein Bar 2157,Sports,605.27,958,2022-06-30 01:17:54
2158,Sneakers 2158,Sports,424.72,911,2023-01-14 14:19:28
2159,Monitor 2159,Home,1264.55,900,2022-09-04 04:09:36
2160,Protein Bar 2160,Electronics,551.7,82,2021-12-04 22:07:59
2161,Coffee Maker 2161,Home,1475.2,948,2022-09-22 09:28:14
2162,Backpack 2162,Beauty,847.62,940,2023-02-25 05:58:57
2163,Keyboard 2163,Fashion,1398.47,518,2021-05-14 17:13:23
2164,Keyboard 2164,Sports,844.64,746,2021-03-18 21:21:55
2165,Notebook 2165,Beauty,656.9,711,2021-05-17 06:54:17
2166,Laptop 2166,Electronics,1284.54,188,2022-11-15 03:12:33
2167,Coffee Maker 2167,Beauty,276.5,410,2021-08-31 05:47:18
2168,Sneakers 2168,Beauty,614.57,589,2023-04-10 14:35:36
2169,Keyboard 2169,Electronics,319.86,528,2022-05-11 04:52:46
2170,Monitor 2170,Books,1373.08,811,2022-09-16 11:09:15
2171,Backpack 2171,Home,959.34,752,2021-01-01 16:49:26
2172,Monitor 2172,Sports,351.09,607,2022-09-30 01:11:44
2173,Backpack 2173,Sports,401.33,424,2022-03-03 01:18:14
2174,Backpack 2174,Fashion,790.02,386,2022-08-28 00:48:36
2175,Headphones 2175,Fashion,46.37,23,2021-02-25 12:36:27
2176,Notebook 2176,Beauty,1225.95,234,2022-08-18 09:18:34
2177,Keyboard 2177,Home,400.54,718,2021-11-19 03:27:11
2178,Monitor 2178,Electronics,805.06,439,2023-02-10 13:48:54
2179,Headphones 2179,Sports,302.76,981,2021-08-04 13:26:35
2180,Backpack 2180,Fashion,1894.75,120,2021-10-02 05:42:11
2181,Laptop 2181,Beauty,1054.05,791,2022-04-16 07:04:53
2182,Coffee Maker 2182,Beauty,990.83,229,2022-07-31 00:55:58
2183,Sneakers 2183,Fashion,1892.37,832,2021-04-30 08:50:02
2184,T-Shirt 2184,Sports,1494.15,391,2023-01-27 02:38:29
2185,Monitor 2185,Home,1713.39,614,2021-05-18 22:26:08
2186,Sneakers 2186,Sports,1454.78,193,2021-06-09 20:50:31
2187,Protein Bar 2187,Fashion,820.01,149,2021-11-24 08:14:22
2188,Laptop 2188,Sports,1952.38,241,2021-12-04 08:06:58
2189,Headphones 2189,Home,1815.12,378,2021-07-12 07:02:12
2190,Headphones 2190,Beauty,1296.23,87,2021-02-24 07:41:49
2191,Laptop 2191,Home,270.74,331,2021-07-08 01:16:40
2192,Protein Bar 2192,Beauty,428.37,392,2022-02-03 20:28:09
2193,Protein Bar 2193,Beauty,1196.41,74,2023-05-26 23:48:09
2194,Keyboard 2194,Books,122.21,340,2022-07-27 04:02:20
2195,Sneakers 2195,Home,1816.91,620,2021-05-23 17:57:38
2196,Headphones 2196,Beauty,1497.74,46,2021-12-16 05:38:34
2197,Laptop 2197,Sports,1011.56,390,2021-06-13 21:15:53
2198,T-Shirt 2198,Home,1344.17,135,2021-02-07 14:20:00
2199,Notebook 2199,Electronics,1163.07,266,2022-06-28 09:55:55
2200,Monitor 2200,Books,988.22,347,2022-08-15 05:28:24
2201,Coffee Maker 2201,Fashion,183.85,727,2021-12-10 15:27:48
2202,Notebook 2202,Home,287.88,119,2022-12-19 17:01:58
2203,Backpack 2203,Electronics,1957.14,511,2023-04-04 09:52:02
2204,T-Shirt 2204,Beauty,724.38,440,2021-01-11 06:39:26
2205,T-Shirt 2205,Sports,1227.8,779,2021-05-04 19:23:47
2206,T-Shirt 2206,Books,629.46,914,2022-07-30 19:12:22
2207,Monitor 2207,Sports,1475.05,503,2023-01-26 14:43:19
2208,Monitor 2208,Books,1706.8,673,2021-04-26 18:46:39
2209,Coffee Maker 2209,Electronics,381.9,55,2021-03-14 15:36:36
2210,Sneakers 2210,Fashion,76.55,266,2022-04-22 08:53:56
2211,Monitor 2211,Beauty,936.93,118,2021-07-10 18:47:29
2212,Coffee Maker 2212,Electronics,885.83,726,2021-10-07 20:36:49
2213,Notebook 2213,Home,918.23,115,2023-03-07 23:01:10
2214,Monitor 2214,Electronics,702.46,208,2022-03-19 12:23:02
2215,T-Shirt 2215,Fashion,1670.73,767,2021-11-22 13:01:30
2216,Notebook 2216,Sports,1128.68,679,2023-02-28 19:32:32
2217,Headphones 2217,Fashion,1169.18,994,2023-02-03 13:03:42
2218,Laptop 2218,Books,1534.86,184,2021-02-01 13:36:56
2219,Protein Bar 2219,Electronics,496.08,510,2021-09-13 12:52:26
2220,Keyboard 2220,Sports,56.79,697,2022-10-06 08:09:11
2221,Keyboard 2221,Home,750.25,951,2022-09-12 23:51:22
2222,Keyboard 2222,Sports,311.78,83,2022-04-20 17:01:05
2223,Coffee Maker 2223,Beauty,1320.78,464,2023-02-01 18:00:48
2224,T-Shirt 2224,Books,1317.72,337,2023-04-18 19:56:47
2225,Laptop 2225,Beauty,1246.62,463,2023-04-18 12:41:55
2226,Backpack 2226,Beauty,1999.64,928,2023-01-15 07:25:42
2227,Headphones 2227,Fashion,426.68,49,2021-05-20 15:23:42
2228,T-Shirt 2228,Sports,1597.3,761,2022-04-06 02:33:22
2229,Keyboard 2229,Books,1904.04,390,2023-02-10 18:43:31
2230,Keyboard 2230,Home,514.05,245,2022-04-24 10:22:18
2231,Protein Bar 2231,Electronics,45.92,213,2022-03-10 09:11:18
2232,Monitor 2232,Home,1560.09,291,2021-12-02 17:54:42
2233,Monitor 2233,Electronics,600.6,820,2021-12-02 08:31:03
2234,Protein Bar 2234,Beauty,1613.67,317,2022-08-16 04:10:13
2235,Headphones 2235,Fashion,721.29,98,2022-06-19 06:38:00
2236,Backpack 2236,Books,403.74,456,2023-03-02 09:09:13
2237,Protein Bar 2237,Home,540.62,614,2021-11-15 05:30:10
2238,Protein Bar 2238,Electronics,1514.2,830,2022-02-25 03:20:33
2239,Backpack 2239,Books,376.78,645,2023-01-13 11:20:44
2240,Protein Bar 2240,Electronics,85.67,349,2022-09-04 01:49:14
2241,Coffee Maker 2241,Beauty,452.34,702,2022-07-11 09:55:26
2242,Monitor 2242,Home,1056.92,662,2023-01-04 10:54:13
2243,Notebook 2243,Electronics,584.95,447,2022-04-17 00:28:05
2244,Keyboard 2244,Home,604.28,130,2023-03-25 23:30:48
2245,T-Shirt 2245,Fashion,1048.57,302,2021-12-21 13:43:02
2246,Headphones 2246,Electronics,1104.23,939,2022-03-12 03:33:47
2247,Laptop 2247,Books,219.73,435,2021-10-13 22:52:51
2248,Protein Bar 2248,Electronics,931.99,737,2021-01-12 02:48:47
2249,Headphones 2249,Sports,714.14,599,2023-04-11 13:36:24
2250,Keyboard 2250,Books,37.46,758,2021-12-03 16:44:37
2251,Coffee Maker 2251,Fashion,1573.42,863,2022-01-07 23:12:46
2252,Protein Bar 2252,Electronics,171.16,897,2023-01-16 20:47:14
2253,T-Shirt 2253,Sports,1176.48,465,2021-11-26 11:40:18
2254,Coffee Maker 2254,Books,1616.63,349,2022-04-17 21:55:35
2255,Monitor 2255,Fashion,374.25,764,2022-01-30 12:36:24
2256,Headphones 2256,Sports,1743.87,108,2021-09-20 00:47:45
2257,Protein Bar 2257,Books,40.74,404,2021-05-09 03:13:31
2258,Keyboard 2258,Electronics,347.61,488,2021-12-16 23:14:58
2259,Coffee Maker 2259,Beauty,813.16,673,2021-06-12 05:09:19
2260,Headphones 2260,Beauty,976.01,633,2023-03-31 07:59:35
2261,Headphones 2261,Sports,1382.87,986,2022-01-04 17:03:06
2262,Protein Bar 2262,Sports,179.83,138,2022-02-06 23:19:40
2263,Laptop 2263,Fashion,228.27,16,2021-11-20 02:19:17
2264,Sneakers 2264,Electronics,422.41,664,2022-04-08 23:20:24
2265,Monitor 2265,Beauty,487.35,862,2021-06-04 19:34:56
2266,Notebook 2266,Fashion,176.76,788,2023-04-16 18:27:30
2267,Coffee Maker 2267,Fashion,950.61,22,2022-12-26 03:35:39
2268,Keyboard 2268,Fashion,1805.32,756,2021-05-25 04:09:50
2269,Coffee Maker 2269,Home,945.62,880,2022-09-03 16:59:10
2270,Coffee Maker 2270,Books,489.05,301,2022-07-11 19:32:00
2271,Headphones 2271,Home,106.59,8,2022-04-11 01:15:44
2272,Keyboard 2272,Beauty,1696.02,442,2021-06-03 02:31:06
2273,Protein Bar 2273,Home,1475.47,610,2021-11-19 11:04:01
2274,Notebook 2274,Sports,78.85,409,2022-04-01 11:15:34
2275,Coffee Maker 2275,Books,1184.12,626,2022-11-18 13:11:32
2276,Coffee Maker 2276,Fashion,1430.01,540,2022-01-15 16:26:01
2277,Laptop 2277,Home,1154.92,566,2021-02-03 10:41:19
2278,Keyboard 2278,Sports,1786.29,427,2023-01-10 08:27:11
2279,Coffee Maker 2279,Electronics,992.1,961,2022-06-11 08:27:34
2280,Backpack 2280,Home,1396.54,21,2021-06-21 11:31:49
2281,Monitor 2281,Sports,1453.79,480,2023-01-24 15:34:15
2282,Backpack 2282,Home,468.05,224,2021-09-26 19:12:31
2283,Headphones 2283,Beauty,681.61,616,2021-03-01 20:50:03
2284,Coffee Maker 2284,Fashion,1766.93,740,2022-07-11 09:41:25
2285,Protein Bar 2285,Home,1667.0,689,2021-02-09 17:43:34
2286,Backpack 2286,Home,1600.51,864,2021-08-18 08:18:21
2287,Monitor 2287,Books,418.38,707,2023-05-23 21:42:42
2288,Keyboard 2288,Beauty,968.37,177,2023-05-27 13:59:48
2289,Sneakers 2289,Fashion,1213.47,103,2021-04-26 14:35:33
2290,Protein Bar 2290,Home,610.79,214,2021-05-28 18:25:22
2291,Notebook 2291,Electronics,1998.53,367,2021-05-17 11:10:48
2292,T-Shirt 2292,Sports,1355.47,178,2022-09-10 11:52:11
2293,Notebook 2293,Electronics,1614.6,345,2021-05-25 19:54:46
2294,Protein Bar 2294,Electronics,1237.04,123,2021-09-06 02:18:16
2295,Notebook 2295,Fashion,975.3,348,2021-03-13 08:20:12
2296,Backpack 2296,Electronics,1541.34,570,2023-03-17 12:36:54
2297,T-Shirt 2297,Fashion,1707.55,894,2022-10-03 22:44:25
2298,Notebook 2298,Books,1340.62,723,2022-02-24 23:59:49
2299,Laptop 2299,Home,1598.98,985,2022-06-07 20:38:43
2300,Keyboard 2300,Electronics,1564.4,624,2022-11-29 22:01:35
2301,Keyboard 2301,Books,88.73,107,2022-06-23 10:12:55
2302,Monitor 2302,Beauty,240.53,210,2022-01-24 04:00:39
2303,Backpack 2303,Fashion,1458.06,725,2021-01-29 10:07:22
2304,Coffee Maker 2304,Books,999.29,891,2021-09-27 08:21:45
2305,Keyboard 2305,Fashion,1295.95,342,2023-04-13 16:42:44
2306,Monitor 2306,Electronics,1697.95,449,2022-02-20 13:38:14
2307,Protein Bar 2307,Electronics,494.41,828,2022-05-13 10:36:37
2308,Coffee Maker 2308,Sports,577.08,175,2022-06-02 05:24:58
2309,Keyboard 2309,Sports,748.01,772,2023-04-15 03:21:45
2310,Protein Bar 2310,Sports,1260.73,251,2022-02-08 03:52:07
2311,Monitor 2311,Books,846.34,233,2021-10-18 21:20:46
2312,Monitor 2312,Home,829.75,419,2023-01-12 07:39:39
2313,Coffee Maker 2313,Books,1590.24,370,2022-10-26 20:49:19
2314,Laptop 2314,Home,295.44,10,2021-04-27 07:30:39
2315,Notebook 2315,Electronics,174.13,322,2021-01-21 07:17:05
2316,Protein Bar 2316,Fashion,870.97,402,2022-10-20 20:08:10
2317,Laptop 2317,Beauty,1845.43,154,2022-03-08 03:51:25
2318,Headphones 2318,Electronics,1955.58,730,2022-08-22 06:30:46
2319,Notebook 2319,Sports,841.51,907,2023-01-20 23:18:35
2320,Notebook 2320,Sports,1444.49,321,2021-01-31 13:07:01
2321,Backpack 2321,Electronics,1654.87,921,2022-04-07 19:35:09
2322,Notebook 2322,Books,1841.3,717,2021-11-29 13:31:29
2323,Protein Bar 2323,Home,1289.54,908,2022-05-19 02:14:26
2324,Notebook 2324,Books,1577.74,667,2022-10-02 17:05:59
2325,Coffee Maker 2325,Beauty,693.77,831,2021-11-13 23:44:33
2326,Protein Bar 2326,Fashion,1762.54,86,2022-09-03 06:23:02
2327,Laptop 2327,Books,672.31,742,2022-05-30 17:11:36
2328,Monitor 2328,Books,1983.89,290,2021-10-25 03:03:59
2329,Sneakers 2329,Electronics,1025.78,319,2021-12-20 20:05:08
2330,Notebook 2330,Sports,1515.31,163,2022-10-22 19:43:51
2331,Laptop 2331,Electronics,1781.19,552,2022-07-12 20:08:06
2332,Headphones 2332,Sports,486.47,792,2023-01-18 21:35:15
2333,T-Shirt 2333,Beauty,848.38,517,2023-04-16 13:21:15
2334,Keyboard 2334,Beauty,124.59,381,2023-04-23 22:27:19
2335,T-Shirt 2335,Beauty,1017.46,126,2022-02-26 09:22:40
2336,Laptop 2336,Beauty,1882.98,459,2021-06-25 16:39:10
2337,T-Shirt 2337,Books,1475.03,464,2022-05-16 15:22:06
2338,Backpack 2338,Fashion,1611.75,595,2022-08-14 20:09:44
2339,Headphones 2339,Beauty,1789.21,642,2021-04-09 12:06:29
2340,Notebook 2340,Books,471.51,306,2023-05-10 09:23:16
2341,T-Shirt 2341,Beauty,1570.65,732,2021-01-26 08:50:28
2342,Headphones 2342,Beauty,284.24,386,2021-02-17 00:10:07
2343,Notebook 2343,Beauty,499.03,335,2023-02-23 03:34:26
2344,Notebook 2344,Books,389.15,797,2022-05-25 20:16:43
2345,Backpack 2345,Home,200.49,728,2022-05-24 23:28:35
2346,Protein Bar 2346,Home,168.48,63,2021-04-11 09:52:26
2347,Protein Bar 2347,Fashion,955.12,456,2021-06-27 11:12:36
2348,Keyboard 2348,Sports,1355.26,412,2023-04-27 11:05:52
2349,Headphones 2349,Books,1040.3,404,2022-04-04 12:33:03
2350,T-Shirt 2350,Books,1000.16,433,2021-11-23 18:09:26
2351,Coffee Maker 2351,Beauty,1862.42,501,2023-02-25 23:12:39
2352,Protein Bar 2352,Fashion,292.97,130,2021-09-21 21:39:59
2353,Coffee Maker 2353,Beauty,918.14,991,2023-02-13 19:29:27
2354,Notebook 2354,Books,240.53,217,2021-08-24 15:10:32
2355,Coffee Maker 2355,Home,70.05,160,2021-01-17 16:27:27
2356,Notebook 2356,Sports,1843.79,121,2021-02-07 18:13:33
2357,Headphones 2357,Home,225.12,378,2022-04-17 06:09:35
2358,Headphones 2358,Sports,85.36,156,2021-01-22 06:20:17
2359,Keyboard 2359,Sports,613.32,383,2023-02-26 22:06:25
2360,T-Shirt 2360,Sports,974.42,810,2021-10-17 00:59:33
2361,Monitor 2361,Fashion,1568.67,431,2021-07-11 23:34:24
2362,Laptop 2362,Sports,1778.67,220,2021-02-13 17:11:48
2363,Monitor 2363,Beauty,980.14,125,2021-05-22 07:42:50
2364,Notebook 2364,Sports,139.79,45,2021-08-02 15:44:55
2365,Protein Bar 2365,Home,1148.25,579,2021-08-12 20:44:12
2366,Coffee Maker 2366,Sports,1563.79,486,2022-03-15 07:50:34
2367,Headphones 2367,Fashion,1525.09,516,2022-07-04 04:26:38
2368,Coffee Maker 2368,Home,1336.11,152,2022-09-10 06:11:46
2369,Backpack 2369,Electronics,1600.62,680,2021-08-07 14:56:44
2370,Headphones 2370,Home,777.53,921,2022-11-18 16:54:53
2371,Protein Bar 2371,Sports,1084.28,981,2021-12-01 04:23:25
2372,Coffee Maker 2372,Beauty,558.36,90,2023-05-09 07:11:42
2373,Monitor 2373,Beauty,54.48,645,2023-04-14 16:41:03
2374,T-Shirt 2374,Books,1292.09,659,2023-01-30 17:15:15
2375,Notebook 2375,Electronics,388.89,633,2022-03-26 12:33:40
2376,Notebook 2376,Books,1516.44,980,2021-05-15 06:01:23
2377,Headphones 2377,Books,382.84,487,2022-05-16 17:27:44
2378,Notebook 2378,Electronics,244.96,958,2021-10-15 19:18:42
2379,Notebook 2379,Fashion,1924.94,281,2021-08-21 08:12:14
2380,Sneakers 2380,Fashion,1660.23,859,2022-08-01 15:43:53
2381,Headphones 2381,Home,173.87,546,2021-07-08 13:35:20
2382,Headphones 2382,Sports,806.59,46,2021-02-09 18:54:38
2383,Coffee Maker 2383,Electronics,683.21,184,2022-01-09 11:29:42
2384,Protein Bar 2384,Electronics,1720.0,324,2021-01-06 22:52:19
2385,Protein Bar 2385,Sports,186.6,101,2021-02-26 07:48:48
2386,Notebook 2386,Fashion,574.28,187,2021-11-21 22:21:28
2387,T-Shirt 2387,Electronics,312.68,975,2021-05-22 11:12:38
2388,Protein Bar 2388,Beauty,342.54,629,2021-08-05 09:51:45
2389,Backpack 2389,Fashion,59.21,59,2021-12-31 17:11:19
2390,T-Shirt 2390,Home,201.99,145,2022-02-02 04:06:45
2391,Protein Bar 2391,Sports,519.58,964,2021-12-28 06:40:34
2392,Keyboard 2392,Electronics,409.11,770,2023-03-22 18:01:42
2393,Headphones 2393,Books,476.8,520,2022-04-25 20:54:55
2394,Notebook 2394,Home,1898.97,275,2021-02-28 01:06:38
2395,Laptop 2395,Sports,932.32,416,2021-10-25 04:49:34
2396,Keyboard 2396,Home,62.67,648,2022-07-27 23:54:11
2397,Sneakers 2397,Electronics,541.97,986,2021-09-26 21:27:00
2398,Headphones 2398,Beauty,207.51,781,2022-08-31 08:37:22
2399,Notebook 2399,Beauty,1571.5,311,2022-03-09 20:21:13
2400,Headphones 2400,Home,894.73,866,2021-04-04 13:34:27
2401,Notebook 2401,Fashion,1566.85,145,2023-05-31 15:03:20
2402,Backpack 2402,Books,1970.69,800,2021-06-20 19:23:49
2403,Sneakers 2403,Books,1905.46,984,2022-11-22 00:19:02
2404,Notebook 2404,Home,88.38,832,2022-09-21 16:36:01
2405,Coffee Maker 2405,Books,582.05,995,2022-04-05 21:00:43
2406,Monitor 2406,Electronics,125.05,943,2022-09-07 11:51:20
2407,Coffee Maker 2407,Sports,1197.75,859,2022-10-16 10:11:13
2408,Protein Bar 2408,Sports,1685.67,217,2023-01-03 22:17:35
2409,Headphones 2409,Books,566.22,165,2022-06-17 08:11:27
2410,Notebook 2410,Books,144.52,91,2021-01-16 19:44:41
2411,Protein Bar 2411,Beauty,250.34,143,2022-11-05 08:56:34
2412,Notebook 2412,Sports,1757.17,215,2021-12-04 12:15:05
2413,Headphones 2413,Books,1915.05,325,2022-11-24 06:38:55
2414,Backpack 2414,Beauty,526.41,770,2022-08-04 23:44:59
2415,Coffee Maker 2415,Sports,495.63,329,2023-05-08 05:18:19
2416,Backpack 2416,Fashion,922.3,613,2023-05-17 19:26:44
2417,Backpack 2417,Electronics,1828.47,136,2023-01-15 00:31:07
2418,Laptop 2418,Books,955.68,923,2021-08-18 19:59:47
2419,Laptop 2419,Beauty,351.2,569,2023-02-09 18:12:05
2420,Coffee Maker 2420,Home,1078.57,806,2023-01-11 19:48:27
2421,Keyboard 2421,Books,66.74,852,2021-07-19 02:00:10
2422,Coffee Maker 2422,Beauty,251.21,995,2021-11-17 20:08:35
2423,Protein Bar 2423,Books,719.14,181,2021-05-10 03:02:14
2424,Laptop 2424,Electronics,928.07,958,2021-07-19 14:33:45
2425,Sneakers 2425,Home,23.68,760,2021-04-21 06:05:53
2426,Laptop 2426,Sports,1362.71,726,2023-03-08 00:01:11
2427,Backpack 2427,Fashion,184.48,628,2021-07-22 12:59:06
2428,T-Shirt 2428,Beauty,446.19,505,2022-06-11 20:55:16
2429,Backpack 2429,Electronics,565.11,926,2021-04-26 08:14:47
2430,Headphones 2430,Fashion,19.24,840,2022-12-16 16:44:57
2431,Protein Bar 2431,Electronics,1740.48,582,2022-01-16 03:03:34
2432,Notebook 2432,Home,345.1,198,2022-04-10 20:08:27
2433,Headphones 2433,Beauty,1366.36,578,2022-04-30 14:29:15
2434,Monitor 2434,Electronics,1178.39,763,2021-11-23 12:19:59
2435,Keyboard 2435,Fashion,522.95,583,2023-01-25 22:46:19
2436,Sneakers 2436,Books,1459.15,280,2022-12-08 09:31:26
2437,Sneakers 2437,Beauty,51.12,993,2023-03-08 06:33:25
2438,Notebook 2438,Books,509.58,573,2021-03-16 22:21:49
2439,Coffee Maker 2439,Electronics,1876.09,656,2023-01-09 07:34:32
2440,Laptop 2440,Sports,867.93,416,2021-06-14 23:01:21
2441,T-Shirt 2441,Electronics,1361.95,477,2022-12-23 01:20:46
2442,Coffee Maker 2442,Sports,1036.93,44,2022-04-07 03:33:34
2443,Sneakers 2443,Electronics,559.48,430,2022-06-25 15:43:40
2444,Notebook 2444,Home,635.9,401,2022-05-22 05:32:24
2445,Sneakers 2445,Sports,168.21,585,2022-10-23 18:18:18
2446,Laptop 2446,Beauty,455.13,706,2023-02-10 12:29:21
2447,Protein Bar 2447,Electronics,1834.41,201,2022-05-03 04:08:54
2448,Monitor 2448,Sports,625.06,641,2022-11-28 12:58:21
2449,Keyboard 2449,Electronics,962.53,827,2022-05-23 02:31:30
2450,Laptop 2450,Books,1595.46,957,2021-05-15 12:34:13
2451,Backpack 2451,Sports,498.07,484,2022-08-30 19:49:31
2452,Sneakers 2452,Sports,1665.87,841,2021-10-23 08:10:58
2453,Backpack 2453,Books,1589.25,966,2023-03-28 20:49:23
2454,Keyboard 2454,Books,1241.04,782,2023-05-06 11:38:55
2455,Keyboard 2455,Beauty,895.68,127,2021-12-07 03:29:53
2456,Keyboard 2456,Electronics,1833.85,386,2023-05-11 14:02:00
2457,Backpack 2457,Beauty,134.73,130,2022-06-13 01:26:05
2458,Laptop 2458,Home,114.3,625,2023-05-24 19:05:28
2459,Protein Bar 2459,Electronics,208.15,57,2021-06-09 23:28:43
2460,Notebook 2460,Electronics,593.36,390,2021-04-23 06:43:53
2461,Protein Bar 2461,Electronics,1236.52,420,2021-03-26 04:58:13
2462,Sneakers 2462,Books,1576.01,638,2021-05-03 19:55:33
2463,Laptop 2463,Home,770.92,814,2021-06-08 08:36:26
2464,Protein Bar 2464,Books,1240.36,347,2023-03-03 03:05:17
2465,Laptop 2465,Home,1036.84,601,2021-12-06 13:07:10
2466,Sneakers 2466,Electronics,209.87,609,2021-07-03 16:29:21
2467,Keyboard 2467,Books,1579.89,198,2021-10-24 02:55:45
2468,Headphones 2468,Fashion,1276.54,262,2021-05-23 23:10:55
2469,Backpack 2469,Home,965.39,635,2021-09-05 07:02:56
2470,Coffee Maker 2470,Fashion,490.09,816,2021-05-26 06:03:30
2471,Laptop 2471,Electronics,259.72,598,2021-06-11 10:04:16
2472,Protein Bar 2472,Books,1919.68,772,2023-03-21 05:26:25
2473,Backpack 2473,Sports,1169.41,554,2021-04-05 04:35:06
2474,Monitor 2474,Fashion,941.7,617,2021-11-03 17:04:00
2475,Backpack 2475,Sports,740.82,8,2023-04-06 23:51:40
2476,Notebook 2476,Books,1317.07,148,2021-07-02 14:56:23
2477,Laptop 2477,Fashion,1016.68,855,2022-06-04 21:25:45
2478,Notebook 2478,Electronics,847.01,200,2022-11-25 01:07:00
2479,Sneakers 2479,Beauty,1817.46,804,2021-08-21 22:11:53
2480,Keyboard 2480,Sports,382.76,487,2021-07-22 04:03:52
2481,Coffee Maker 2481,Books,1386.37,872,2021-09-03 03:35:25
2482,Headphones 2482,Books,1926.31,630,2021-07-04 12:49:54
2483,T-Shirt 2483,Home,660.6,107,2021-01-12 23:54:25
2484,Coffee Maker 2484,Electronics,994.38,942,2022-03-01 11:04:04
2485,Laptop 2485,Beauty,449.94,235,2021-12-17 19:02:52
2486,Coffee Maker 2486,Books,430.21,492,2022-01-28 11:55:58
2487,Backpack 2487,Beauty,754.94,409,2022-10-24 06:36:40
2488,Monitor 2488,Electronics,728.82,75,2022-05-14 23:46:20
2489,Backpack 2489,Electronics,1111.61,145,2021-04-09 21:17:16
2490,T-Shirt 2490,Home,392.83,599,2023-03-30 07:15:41
2491,Backpack 2491,Electronics,1950.74,203,2021-07-26 15:40:30
2492,Sneakers 2492,Sports,352.42,906,2021-11-03 08:51:13
2493,T-Shirt 2493,Beauty,352.7,867,2022-03-21 23:09:38
2494,Notebook 2494,Fashion,361.19,22,2021-06-27 01:10:19
2495,Monitor 2495,Sports,1821.74,21,2022-06-06 05:13:20
2496,Monitor 2496,Home,1311.46,906,2022-11-18 10:24:53
2497,Keyboard 2497,Sports,1872.55,312,2022-09-26 03:15:45
2498,Coffee Maker 2498,Fashion,742.43,381,2022-04-27 02:37:50
2499,Monitor 2499,Books,1954.32,638,2023-04-02 05:44:05
2500,Protein Bar 2500,Beauty,135.43,147,2021-12-09 10:21:10
2501,Monitor 2501,Fashion,387.4,387,2021-07-11 10:23:01
2502,Backpack 2502,Sports,1201.1,1000,2022-04-01 03:13:03
2503,Sneakers 2503,Electronics,1527.35,601,2021-01-05 08:12:24
2504,Sneakers 2504,Books,591.89,152,2023-04-02 09:07:23
2505,Backpack 2505,Fashion,111.25,814,2023-01-22 06:35:36
2506,T-Shirt 2506,Fashion,1703.75,991,2022-04-23 15:03:57
2507,Headphones 2507,Home,422.43,83,2023-04-21 01:11:00
2508,Coffee Maker 2508,Beauty,1231.7,171,2022-07-20 14:45:13
2509,Notebook 2509,Home,1503.86,660,2023-04-23 13:25:09
2510,Notebook 2510,Sports,999.68,475,2022-07-07 18:11:32
2511,Monitor 2511,Sports,1426.41,538,2023-05-09 13:11:24
2512,Coffee Maker 2512,Beauty,1911.73,485,2022-05-25 17:54:26
2513,T-Shirt 2513,Books,804.89,943,2021-11-27 15:47:59
2514,Headphones 2514,Beauty,78.03,224,2021-07-11 10:13:56
2515,Sneakers 2515,Home,1727.02,405,2023-02-14 03:06:12
2516,Sneakers 2516,Sports,852.92,386,2021-02-12 13:03:09
2517,Headphones 2517,Fashion,1871.32,383,2021-09-10 01:50:33
2518,T-Shirt 2518,Books,174.09,769,2022-01-22 15:03:47
2519,Keyboard 2519,Sports,891.79,360,2022-02-06 21:38:08
2520,Sneakers 2520,Books,87.08,524,2022-08-19 18:23:38
2521,Headphones 2521,Sports,855.07,478,2022-03-30 06:27:39
2522,Protein Bar 2522,Home,738.19,509,2021-08-17 05:06:12
2523,Backpack 2523,Sports,767.83,183,2021-07-24 10:42:28
2524,Coffee Maker 2524,Fashion,534.92,77,2022-08-12 02:43:04
2525,Backpack 2525,Electronics,592.56,513,2021-06-15 10:53:41
2526,Notebook 2526,Books,1289.09,804,2023-01-01 09:13:16
2527,T-Shirt 2527,Fashion,201.33,73,2022-11-17 17:15:10
2528,Backpack 2528,Electronics,1094.32,341,2021-02-25 09:48:58
2529,Sneakers 2529,Beauty,661.84,309,2021-11-25 22:45:18
2530,T-Shirt 2530,Fashion,1412.76,141,2021-01-08 11:53:21
2531,Notebook 2531,Sports,22.03,306,2021-05-26 08:21:10
2532,T-Shirt 2532,Sports,1567.34,413,2021-01-23 21:04:04
2533,Protein Bar 2533,Books,1516.82,12,2022-01-29 10:01:28
2534,Coffee Maker 2534,Beauty,1027.73,779,2022-12-20 14:53:18
2535,Monitor 2535,Home,459.02,740,2022-10-05 17:45:40
2536,Sneakers 2536,Home,471.28,601,2021-06-21 21:47:55
2537,Notebook 2537,Home,1446.41,472,2023-03-09 19:47:32
2538,Backpack 2538,Electronics,629.58,192,2023-02-08 03:38:40
2539,Protein Bar 2539,Beauty,838.29,449,2023-02-02 07:02:19
2540,Coffee Maker 2540,Books,65.06,142,2021-04-21 18:38:35
2541,Headphones 2541,Fashion,614.62,755,2021-04-22 21:41:26
2542,Laptop 2542,Home,1621.75,854,2021-06-09 02:15:59
2543,Backpack 2543,Sports,454.85,435,2023-03-19 12:25:20
2544,Protein Bar 2544,Beauty,1077.52,333,2022-10-29 12:43:06
2545,Headphones 2545,Electronics,1137.32,32,2023-01-04 13:09:57
2546,Monitor 2546,Fashion,1954.6,338,2021-08-12 14:10:56
2547,Headphones 2547,Beauty,1599.3,935,2023-03-17 10:39:50
2548,Headphones 2548,Books,1734.55,390,2022-04-26 17:29:47
2549,Sneakers 2549,Home,132.1,395,2021-01-29 13:12:01
2550,Sneakers 2550,Home,221.73,583,2022-06-21 04:26:11
2551,Coffee Maker 2551,Beauty,1790.01,95,2021-03-30 02:19:50
2552,Monitor 2552,Electronics,1351.4,181,2022-01-27 09:08:25
2553,Laptop 2553,Beauty,1208.71,27,2022-02-13 14:12:36
2554,Monitor 2554,Fashion,143.63,986,2021-05-12 12:49:11
2555,Protein Bar 2555,Sports,415.76,298,2023-05-27 19:48:25
2556,Notebook 2556,Electronics,912.05,377,2022-11-14 05:34:57
2557,Notebook 2557,Electronics,347.79,880,2022-11-05 11:08:57
2558,Protein Bar 2558,Home,318.29,113,2021-10-04 23:25:57
2559,Monitor 2559,Books,839.73,760,2022-06-13 03:33:13
2560,Keyboard 2560,Home,1910.42,886,2021-08-07 20:01:35
2561,Sneakers 2561,Fashion,1741.55,317,2021-04-04 02:01:02
2562,Protein Bar 2562,Beauty,1331.26,162,2021-03-31 10:10:13
2563,Headphones 2563,Books,1878.61,601,2021-03-25 04:02:47
2564,Sneakers 2564,Books,1434.96,469,2022-09-19 05:20:13
2565,T-Shirt 2565,Fashion,19.85,146,2022-02-10 08:45:55
2566,Coffee Maker 2566,Electronics,1650.04,619,2023-03-07 12:29:47
2567,Sneakers 2567,Books,661.14,582,2021-12-24 20:45:03
2568,Coffee Maker 2568,Home,928.08,40,2022-04-08 22:34:28
2569,Keyboard 2569,Sports,1294.37,940,2023-01-12 05:08:38
2570,Coffee Maker 2570,Sports,1402.13,728,2022-12-11 08:07:57
2571,T-Shirt 2571,Home,1227.99,829,2022-08-11 19:33:28
2572,Monitor 2572,Home,502.02,921,2021-04-26 09:56:34
2573,Headphones 2573,Beauty,866.99,393,2022-09-15 16:40:44
2574,Monitor 2574,Beauty,1139.39,402,2021-09-20 07:42:16
2575,Laptop 2575,Fashion,1771.66,161,2021-02-11 16:19:49
2576,T-Shirt 2576,Beauty,1077.79,682,2023-05-18 23:41:39
2577,Keyboard 2577,Beauty,1454.44,923,2023-01-23 04:05:56
2578,Sneakers 2578,Home,825.5,780,2022-08-25 19:21:58
2579,Notebook 2579,Electronics,1990.66,78,2022-07-21 00:42:49
2580,Keyboard 2580,Books,1534.25,333,2023-01-23 06:55:58
2581,Protein Bar 2581,Home,333.85,212,2021-07-16 19:48:53
2582,Notebook 2582,Electronics,927.02,74,2021-10-16 15:17:25
2583,Coffee Maker 2583,Home,690.6,408,2022-07-28 20:09:22
2584,Sneakers 2584,Home,80.36,256,2022-01-24 21:47:15
2585,Keyboard 2585,Beauty,1834.69,334,2022-06-21 23:15:01
2586,Coffee Maker 2586,Home,925.41,84,2022-09-04 09:43:08
2587,Notebook 2587,Beauty,488.38,972,2022-12-05 23:46:14
2588,Coffee Maker 2588,Fashion,944.22,285,2021-02-02 14:43:14
2589,Monitor 2589,Fashion,1677.8,621,2023-01-22 12:27:33
2590,Keyboard 2590,Fashion,591.82,547,2021-08-09 09:16:37
2591,Protein Bar 2591,Fashion,159.78,781,2023-05-02 19:15:53
2592,Laptop 2592,Beauty,550.14,451,2022-08-26 21:57:31
2593,Backpack 2593,Fashion,437.26,35,2022-09-14 15:00:17
2594,Notebook 2594,Fashion,886.91,48,2022-08-04 20:46:50
2595,Notebook 2595,Beauty,1326.77,675,2021-06-18 17:24:45
2596,Keyboard 2596,Home,1382.24,454,2021-07-08 14:01:13
2597,Laptop 2597,Books,14.31,790,2022-11-06 08:47:37
2598,Protein Bar 2598,Fashion,1858.0,383,2022-03-12 07:52:16
2599,Sneakers 2599,Fashion,187.32,431,2023-01-01 12:07:38
2600,Laptop 2600,Electronics,677.55,196,2021-09-27 21:05:41
2601,Keyboard 2601,Fashion,1917.7,98,2022-01-12 03:06:16
2602,Monitor 2602,Beauty,338.26,425,2021-03-10 16:58:09
2603,Notebook 2603,Electronics,1632.17,330,2022-05-10 15:02:54
2604,Notebook 2604,Beauty,383.15,212,2021-06-04 16:17:56
2605,Notebook 2605,Home,1878.15,123,2022-11-21 20:09:28
2606,Sneakers 2606,Fashion,216.24,331,2022-04-03 11:41:03
2607,Monitor 2607,Electronics,807.27,323,2021-08-22 06:55:26
2608,Laptop 2608,Home,429.47,225,2023-05-08 04:07:39
2609,Keyboard 2609,Beauty,1631.09,665,2021-10-02 15:53:11
2610,Headphones 2610,Sports,92.66,906,2021-09-03 08:36:10
2611,Sneakers 2611,Home,606.56,613,2021-07-04 06:25:40
2612,Coffee Maker 2612,Electronics,1426.5,810,2023-01-27 20:54:41
2613,Headphones 2613,Fashion,507.62,97,2023-02-03 10:34:50
2614,Headphones 2614,Sports,1962.92,713,2021-07-10 05:34:07
2615,Protein Bar 2615,Beauty,1849.48,789,2023-04-23 02:05:43
2616,Monitor 2616,Sports,354.79,779,2023-05-06 11:53:35
2617,Backpack 2617,Beauty,966.85,343,2023-02-26 08:27:44
2618,Laptop 2618,Books,1824.65,459,2023-02-12 18:24:09
2619,Protein Bar 2619,Books,1282.98,238,2023-04-13 07:22:22
2620,Notebook 2620,Books,1410.74,13,2021-04-25 13:23:58
2621,Sneakers 2621,Electronics,1234.62,918,2023-02-16 03:00:14
2622,Keyboard 2622,Sports,476.61,438,2022-09-30 12:15:03
2623,Sneakers 2623,Books,163.38,140,2022-11-11 08:24:07
2624,Backpack 2624,Home,596.75,155,2023-05-13 07:10:17
2625,Protein Bar 2625,Fashion,1285.87,243,2023-04-13 19:40:38
2626,Headphones 2626,Home,1479.81,336,2021-10-04 17:05:00
2627,Monitor 2627,Sports,638.49,805,2021-02-23 22:52:12
2628,Laptop 2628,Books,1584.6,424,2022-06-07 01:52:16
2629,T-Shirt 2629,Electronics,461.87,750,2023-01-25 23:56:13
2630,Backpack 2630,Sports,488.29,552,2021-07-23 03:51:26
2631,Laptop 2631,Beauty,1976.81,820,2023-02-02 03:49:56
2632,Sneakers 2632,Books,1746.05,533,2021-06-25 06:21:03
2633,Backpack 2633,Fashion,887.51,6,2022-04-02 02:07:40
2634,Keyboard 2634,Home,144.62,197,2021-03-18 10:19:50
2635,Laptop 2635,Beauty,1984.07,960,2021-03-26 20:14:05
2636,Sneakers 2636,Fashion,188.06,606,2021-01-05 03:38:34
2637,Notebook 2637,Fashion,476.44,80,2022-12-25 04:53:01
2638,Protein Bar 2638,Beauty,936.81,168,2021-06-26 15:54:24
2639,Sneakers 2639,Fashion,850.91,620,2021-10-22 13:55:51
2640,Sneakers 2640,Sports,574.28,459,2022-01-05 11:57:02
2641,Sneakers 2641,Sports,1725.54,492,2022-03-07 21:52:06
2642,Keyboard 2642,Sports,799.5,171,2021-02-23 12:22:48
2643,Coffee Maker 2643,Home,848.28,624,2021-03-17 05:43:32
2644,Protein Bar 2644,Fashion,1640.11,812,2021-08-27 01:28:46
2645,Coffee Maker 2645,Electronics,1525.05,437,2021-05-24 08:15:52
2646,Keyboard 2646,Sports,1192.39,156,2023-03-16 14:09:06
2647,Notebook 2647,Beauty,355.52,389,2021-03-14 03:44:26
2648,Coffee Maker 2648,Sports,909.94,384,2021-08-21 06:10:51
2649,Notebook 2649,Books,964.28,341,2022-01-25 19:49:32
2650,Monitor 2650,Beauty,941.17,158,2022-01-01 20:31:27
2651,Sneakers 2651,Electronics,30.6,512,2022-07-24 16:36:31
2652,Backpack 2652,Home,812.09,425,2021-02-13 08:24:21
2653,Protein Bar 2653,Beauty,749.42,501,2021-01-16 12:06:00
2654,T-Shirt 2654,Beauty,1975.11,72,2021-04-04 13:16:41
2655,Protein Bar 2655,Electronics,1984.98,127,2022-06-12 12:32:45
2656,Protein Bar 2656,Books,328.91,781,2023-02-19 21:46:33
2657,Protein Bar 2657,Sports,1543.68,769,2023-04-01 20:12:16
2658,Backpack 2658,Books,1419.71,650,2021-06-29 03:46:40
2659,Backpack 2659,Beauty,120.12,394,2022-07-09 07:31:17
2660,Protein Bar 2660,Beauty,497.35,489,2022-10-24 06:52:21
2661,Laptop 2661,Sports,1263.75,692,2023-03-09 02:30:07
2662,Laptop 2662,Beauty,1333.02,151,2021-08-24 05:31:53
2663,T-Shirt 2663,Books,913.66,697,2021-12-23 22:11:41
2664,Monitor 2664,Sports,498.59,592,2021-05-25 15:50:36
2665,Monitor 2665,Electronics,237.88,94,2022-12-06 13:08:13
2666,Protein Bar 2666,Home,1413.61,997,2022-09-17 02:01:03
2667,Keyboard 2667,Books,1820.35,897,2021-06-13 06:34:36
2668,Protein Bar 2668,Fashion,1660.35,258,2023-04-15 09:36:04
2669,T-Shirt 2669,Books,1935.53,674,2022-04-29 00:24:27
2670,Protein Bar 2670,Books,619.42,421,2021-04-05 11:46:38
2671,Keyboard 2671,Electronics,1274.18,795,2022-06-30 01:11:30
2672,Backpack 2672,Fashion,541.7,214,2021-10-04 13:56:38
2673,Protein Bar 2673,Beauty,619.66,172,2021-10-03 22:59:59
2674,Coffee Maker 2674,Electronics,198.26,792,2021-06-29 05:42:55
2675,Protein Bar 2675,Books,836.6,295,2022-11-03 02:24:20
2676,Protein Bar 2676,Fashion,356.92,190,2021-02-10 15:25:50
2677,Monitor 2677,Fashion,975.51,514,2022-06-16 18:05:36
2678,Keyboard 2678,Home,1136.35,217,2022-10-11 02:06:31
2679,Monitor 2679,Fashion,122.67,187,2021-03-09 01:51:35
2680,Sneakers 2680,Sports,1965.98,892,2021-03-07 00:35:42
2681,Protein Bar 2681,Home,1255.54,639,2022-04-09 14:22:36
2682,Keyboard 2682,Beauty,336.42,300,2022-09-29 06:21:10
2683,Keyboard 2683,Home,253.74,65,2021-10-24 11:02:12
2684,Backpack 2684,Electronics,1173.36,489,2021-11-09 23:02:45
2685,Coffee Maker 2685,Beauty,1522.26,9,2021-07-03 01:49:32
2686,Laptop 2686,Sports,1504.84,7,2023-01-14 22:07:35
2687,Headphones 2687,Electronics,198.2,534,2022-04-13 22:59:23
2688,Laptop 2688,Home,1207.95,985,2022-03-30 07:21:35
2689,T-Shirt 2689,Home,949.1,345,2022-06-20 13:21:10
2690,Headphones 2690,Home,676.42,698,2022-04-21 15:45:31
2691,Backpack 2691,Sports,1634.61,963,2022-03-03 12:49:39
2692,Backpack 2692,Beauty,799.95,625,2021-02-10 12:32:08
2693,Laptop 2693,Sports,1746.79,825,2021-07-08 14:20:21
2694,Keyboard 2694,Electronics,916.55,715,2022-11-19 08:51:01
2695,Protein Bar 2695,Beauty,1671.67,947,2021-06-27 11:17:54
2696,Monitor 2696,Electronics,1205.81,889,2022-11-19 19:18:50
2697,Notebook 2697,Sports,1902.37,769,2021-01-29 11:32:30
2698,Sneakers 2698,Sports,906.58,702,2022-08-15 07:59:33
2699,Coffee Maker 2699,Books,829.19,192,2022-09-03 13:50:24
2700,Laptop 2700,Beauty,1915.31,832,2022-05-19 06:48:09
2701,Backpack 2701,Electronics,1269.39,894,2022-04-20 14:53:52
2702,Laptop 2702,Beauty,654.42,454,2021-08-09 15:25:44
2703,Sneakers 2703,Books,971.65,756,2021-10-01 01:04:29
2704,Headphones 2704,Electronics,699.93,961,2021-10-31 04:34:52
2705,Coffee Maker 2705,Beauty,1714.91,926,2021-05-16 16:10:23
2706,Keyboard 2706,Beauty,772.79,621,2023-02-11 06:50:25
2707,Sneakers 2707,Beauty,290.61,532,2023-03-13 13:24:41
2708,Headphones 2708,Beauty,1011.75,130,2021-09-13 12:05:26
2709,Coffee Maker 2709,Electronics,606.19,689,2023-01-09 12:48:20
2710,Notebook 2710,Home,340.27,456,2021-11-07 01:10:16
2711,Keyboard 2711,Home,1326.97,246,2022-05-16 22:50:59
2712,Sneakers 2712,Fashion,345.01,966,2023-02-23 22:31:49
2713,Keyboard 2713,Electronics,872.61,732,2022-09-27 21:16:23
2714,Laptop 2714,Fashion,1858.36,334,2021-12-17 06:49:20
2715,Protein Bar 2715,Sports,444.65,263,2022-04-10 23:53:16
2716,Coffee Maker 2716,Beauty,250.58,139,2023-03-31 08:00:18
2717,Notebook 2717,Beauty,1452.2,92,2022-07-03 11:49:58
2718,Backpack 2718,Fashion,1863.9,784,2022-09-01 09:09:57
2719,Headphones 2719,Electronics,1289.75,386,2021-08-23 21:24:19
2720,Protein Bar 2720,Beauty,1285.99,575,2022-03-30 19:10:26
2721,Protein Bar 2721,Fashion,450.98,118,2022-03-18 08:08:26
2722,T-Shirt 2722,Electronics,227.21,348,2021-12-23 14:21:50
2723,Headphones 2723,Fashion,1490.51,118,2023-02-25 00:56:06
2724,Headphones 2724,Sports,259.2,320,2022-10-01 19:03:33
2725,Protein Bar 2725,Books,1475.15,318,2021-12-21 17:36:02
2726,Laptop 2726,Books,1073.53,867,2021-12-08 06:12:01
2727,Protein Bar 2727,Home,642.69,373,2021-09-26 23:57:10
2728,Monitor 2728,Books,1329.17,604,2022-04-29 17:23:48
2729,Sneakers 2729,Electronics,793.65,551,2021-09-11 06:11:59
2730,Coffee Maker 2730,Sports,293.68,965,2022-07-13 13:49:49
2731,T-Shirt 2731,Fashion,1002.17,466,2021-04-28 17:38:19
2732,Monitor 2732,Books,570.37,764,2023-01-29 14:51:36
2733,Laptop 2733,Books,643.68,514,2021-01-20 05:40:29
2734,Keyboard 2734,Sports,1993.71,723,2021-01-23 19:28:43
2735,Headphones 2735,Home,1264.0,220,2022-09-19 01:34:56
2736,Coffee Maker 2736,Sports,1409.76,385,2022-09-06 23:49:05
2737,Laptop 2737,Sports,309.64,733,2021-12-13 15:06:11
2738,Sneakers 2738,Beauty,1869.19,230,2022-04-22 15:22:33
2739,Laptop 2739,Fashion,1714.27,744,2023-04-19 00:26:32
2740,Protein Bar 2740,Sports,1968.86,675,2021-07-31 09:47:25
2741,Monitor 2741,Electronics,1098.15,345,2021-09-13 09:46:44
2742,Protein Bar 2742,Beauty,949.48,356,2022-03-08 09:43:21
2743,Protein Bar 2743,Home,148.29,744,2022-01-07 06:03:10
2744,T-Shirt 2744,Sports,1394.27,199,2021-05-13 23:58:02
2745,Notebook 2745,Home,199.15,331,2023-03-26 17:43:05
2746,Headphones 2746,Electronics,1700.37,726,2021-10-07 17:23:06
2747,T-Shirt 2747,Home,1310.99,591,2022-04-17 13:11:28
2748,Monitor 2748,Home,1393.43,298,2022-06-20 17:32:49
2749,Monitor 2749,Fashion,440.18,766,2022-06-25 14:44:12
2750,Sneakers 2750,Beauty,1304.22,370,2022-09-30 05:39:11
2751,Headphones 2751,Electronics,1358.24,879,2021-10-28 13:11:25
2752,Monitor 2752,Home,1901.04,437,2021-08-24 14:06:30
2753,Monitor 2753,Electronics,196.62,997,2021-03-19 04:54:02
2754,Coffee Maker 2754,Fashion,1890.4,120,2023-05-02 23:07:44
2755,Notebook 2755,Beauty,680.28,444,2022-11-09 12:09:10
2756,Monitor 2756,Beauty,1446.49,250,2021-10-25 08:51:55
2757,Laptop 2757,Electronics,485.51,500,2022-04-27 01:06:57
2758,T-Shirt 2758,Beauty,1194.33,176,2022-07-20 00:03:51
2759,Protein Bar 2759,Beauty,1982.37,686,2023-01-01 04:07:08
2760,Keyboard 2760,Home,1730.47,665,2021-03-11 13:14:10
2761,Protein Bar 2761,Sports,1266.51,455,2022-03-19 02:19:15
2762,Backpack 2762,Electronics,244.4,84,2023-03-04 11:09:32
2763,Keyboard 2763,Home,1284.61,930,2022-04-09 21:18:10
2764,Notebook 2764,Fashion,50.94,586,2021-03-09 01:54:25
2765,Headphones 2765,Home,551.08,763,2023-03-05 09:54:59
2766,Keyboard 2766,Books,366.29,495,2021-04-21 15:41:28
2767,Protein Bar 2767,Sports,1144.99,101,2022-03-24 21:23:25
2768,Backpack 2768,Electronics,1428.97,882,2023-05-03 06:41:59
2769,Notebook 2769,Fashion,813.63,717,2022-03-21 11:56:16
2770,Laptop 2770,Home,1114.34,549,2021-05-04 07:55:11
2771,Notebook 2771,Home,132.54,857,2023-04-09 22:29:34
2772,Headphones 2772,Books,1428.93,809,2021-02-11 12:57:26
2773,Keyboard 2773,Fashion,1931.53,919,2021-02-11 05:19:51
2774,Keyboard 2774,Fashion,1724.7,711,2021-09-22 01:47:10
2775,Monitor 2775,Electronics,1111.67,819,2022-12-13 00:01:04
2776,Backpack 2776,Electronics,83.09,588,2021-05-24 22:29:37
2777,Sneakers 2777,Beauty,326.61,575,2021-10-21 07:32:42
2778,T-Shirt 2778,Electronics,173.8,127,2023-02-01 09:20:18
2779,Notebook 2779,Sports,730.3,557,2021-10-16 08:22:34
2780,Monitor 2780,Home,1954.32,673,2021-02-09 03:34:23
2781,Laptop 2781,Fashion,604.7,968,2023-03-01 16:41:19
2782,Notebook 2782,Sports,1320.02,455,2021-05-17 03:16:50
2783,Monitor 2783,Books,983.43,320,2021-10-06 05:12:57
2784,Notebook 2784,Sports,1214.31,522,2023-03-20 07:12:37
2785,Sneakers 2785,Beauty,202.52,839,2022-07-13 17:39:43
2786,Laptop 2786,Fashion,78.28,145,2023-02-20 12:16:38
2787,T-Shirt 2787,Fashion,1915.06,616,2021-01-17 16:55:27
2788,Notebook 2788,Fashion,1185.61,284,2021-06-23 19:00:54
2789,Monitor 2789,Beauty,1246.51,76,2022-11-27 18:47:14
2790,Notebook 2790,Sports,525.05,665,2021-09-29 18:24:29
2791,Monitor 2791,Home,914.86,967,2022-04-04 23:07:44
2792,T-Shirt 2792,Beauty,853.56,711,2022-04-10 06:09:40
2793,Monitor 2793,Books,411.51,644,2023-05-21 10:28:02
2794,T-Shirt 2794,Beauty,1395.12,197,2021-05-12 20:06:49
2795,Backpack 2795,Books,1316.35,840,2021-01-14 13:24:49
2796,Notebook 2796,Books,332.27,841,2022-05-28 13:03:38
2797,Monitor 2797,Sports,1984.94,444,2021-09-14 11:44:19
2798,Protein Bar 2798,Electronics,1928.22,253,2022-01-22 02:35:36
2799,Keyboard 2799,Sports,253.62,112,2022-01-07 15:38:28
2800,Notebook 2800,Home,136.59,655,2021-11-18 12:55:15
2801,Keyboard 2801,Sports,1818.94,796,2023-02-07 16:31:28
2802,T-Shirt 2802,Fashion,1738.37,231,2021-10-03 09:29:00
2803,T-Shirt 2803,Electronics,200.4,992,2021-02-20 01:07:45
2804,Sneakers 2804,Home,1903.81,801,2023-04-19 15:11:38
2805,Keyboard 2805,Fashion,1055.32,896,2022-07-04 09:30:06
2806,T-Shirt 2806,Books,1643.58,501,2021-05-16 13:18:23
2807,Keyboard 2807,Books,701.06,585,2022-10-11 16:22:44
2808,T-Shirt 2808,Books,545.75,101,2021-09-09 09:51:46
2809,Laptop 2809,Fashion,639.4,769,2021-02-06 03:46:06
2810,Protein Bar 2810,Fashion,693.62,759,2022-02-02 00:02:23
2811,Notebook 2811,Books,1191.26,870,2023-05-16 12:45:22
2812,Protein Bar 2812,Home,1186.66,265,2021-05-12 01:12:32
2813,Laptop 2813,Beauty,1029.56,159,2021-05-20 21:34:08
2814,Monitor 2814,Fashion,760.71,753,2023-04-04 14:04:17
2815,T-Shirt 2815,Electronics,1837.29,654,2021-08-08 16:22:06
2816,Backpack 2816,Beauty,1556.17,694,2021-07-14 17:42:04
2817,Headphones 2817,Home,1415.04,187,2021-10-25 10:45:01
2818,Coffee Maker 2818,Sports,1597.95,514,2021-10-09 20:03:57
2819,T-Shirt 2819,Sports,1905.47,533,2021-11-09 00:47:52
2820,Sneakers 2820,Sports,1273.09,89,2023-02-17 16:08:44
2821,T-Shirt 2821,Home,1542.3,865,2021-11-02 05:50:57
2822,Keyboard 2822,Beauty,163.55,747,2021-12-17 19:05:09
2823,Sneakers 2823,Electronics,334.4,58,2022-11-23 04:16:34
2824,Keyboard 2824,Beauty,575.27,951,2021-03-09 04:20:47
2825,Coffee Maker 2825,Electronics,1924.52,434,2022-12-30 00:42:25
2826,Notebook 2826,Beauty,277.17,509,2022-02-17 05:50:40
2827,Notebook 2827,Beauty,1995.92,909,2021-10-02 03:53:29
2828,Notebook 2828,Beauty,253.76,14,2022-09-25 10:43:05
2829,Headphones 2829,Fashion,1822.22,763,2022-10-19 15:44:47
2830,Laptop 2830,Beauty,852.83,547,2022-10-03 19:05:20
2831,Backpack 2831,Fashion,1988.47,677,2021-12-16 04:52:43
2832,Notebook 2832,Beauty,1220.34,621,2021-03-18 08:29:54
2833,Coffee Maker 2833,Fashion,1350.67,903,2022-12-03 23:28:03
2834,Notebook 2834,Fashion,353.75,375,2023-02-21 10:08:15
2835,Monitor 2835,Books,709.82,52,2022-07-03 10:46:19
2836,Protein Bar 2836,Home,761.29,382,2021-07-14 01:31:59
2837,Keyboard 2837,Sports,1828.52,255,2023-05-19 11:17:55
2838,Notebook 2838,Electronics,583.68,494,2021-06-15 20:17:03
2839,T-Shirt 2839,Sports,430.07,755,2022-05-11 11:01:22
2840,Headphones 2840,Home,438.84,312,2022-07-28 06:23:22
2841,Notebook 2841,Electronics,1871.15,913,2023-01-12 16:49:40
2842,Headphones 2842,Home,119.71,6,2023-03-14 07:20:49
2843,Headphones 2843,Home,660.46,362,2021-12-13 03:39:13
2844,Keyboard 2844,Electronics,702.69,739,2022-03-22 11:20:21
2845,Monitor 2845,Home,712.29,103,2022-03-30 05:40:57
2846,Protein Bar 2846,Home,399.1,541,2023-01-10 20:19:15
2847,Notebook 2847,Fashion,824.38,935,2023-02-26 10:35:09
2848,Coffee Maker 2848,Electronics,315.48,672,2021-12-28 12:25:14
2849,T-Shirt 2849,Fashion,944.04,383,2021-11-08 12:10:31
2850,T-Shirt 2850,Sports,859.54,186,2022-10-21 20:01:51
2851,Notebook 2851,Sports,221.85,449,2023-01-11 09:19:38
2852,Coffee Maker 2852,Fashion,284.05,765,2023-04-29 22:08:53
2853,Protein Bar 2853,Electronics,721.68,891,2023-02-08 08:07:25
2854,Sneakers 2854,Electronics,383.19,41,2022-04-21 09:43:31
2855,Monitor 2855,Home,845.01,339,2021-05-28 05:30:12
2856,Laptop 2856,Fashion,1334.08,971,2021-07-25 14:26:22
2857,Coffee Maker 2857,Beauty,1965.94,121,2022-10-19 17:23:03
2858,Protein Bar 2858,Home,1102.5,819,2021-08-08 12:31:11
2859,Monitor 2859,Sports,1503.42,799,2023-04-17 10:54:21
2860,Protein Bar 2860,Books,1453.36,759,2021-10-20 02:10:35
2861,Protein Bar 2861,Fashion,223.92,110,2023-03-06 22:33:15
2862,Laptop 2862,Fashion,315.31,512,2022-05-23 15:13:08
2863,Laptop 2863,Beauty,476.83,694,2022-12-30 15:44:46
2864,Backpack 2864,Home,1952.99,755,2022-04-22 03:23:01
2865,Laptop 2865,Home,962.99,288,2022-01-16 14:56:28
2866,Coffee Maker 2866,Electronics,1523.0,253,2022-04-27 13:07:06
2867,Headphones 2867,Fashion,1459.85,191,2021-02-11 22:25:08
2868,Sneakers 2868,Sports,1534.62,884,2021-05-20 09:41:57
2869,T-Shirt 2869,Beauty,498.47,840,2022-01-17 23:28:13
2870,Protein Bar 2870,Fashion,950.42,801,2022-03-12 12:03:08
2871,Keyboard 2871,Beauty,1462.26,625,2023-05-25 20:37:53
2872,Monitor 2872,Fashion,1985.14,605,2023-04-06 21:16:28
2873,Monitor 2873,Fashion,245.32,410,2021-04-25 17:07:25
2874,Laptop 2874,Sports,1980.85,951,2021-12-25 18:39:46
2875,Monitor 2875,Home,40.23,204,2022-04-11 05:15:35
2876,Keyboard 2876,Electronics,763.8,537,2021-04-22 04:09:31
2877,T-Shirt 2877,Beauty,1268.45,236,2021-03-24 14:29:43
2878,Sneakers 2878,Sports,855.02,62,2022-06-20 01:01:33
2879,Notebook 2879,Home,1289.53,311,2021-12-25 17:13:40
2880,Keyboard 2880,Sports,730.33,965,2022-11-01 08:03:09
2881,Backpack 2881,Beauty,839.06,327,2023-03-09 06:45:15
2882,Laptop 2882,Fashion,86.57,53,2021-09-20 12:53:03
2883,Backpack 2883,Fashion,574.21,286,2022-03-02 20:54:53
2884,Headphones 2884,Electronics,864.66,258,2021-11-21 04:00:15
2885,Coffee Maker 2885,Sports,671.89,114,2022-06-24 21:01:29
2886,Keyboard 2886,Beauty,32.25,565,2021-02-15 16:42:06
2887,Monitor 2887,Sports,724.33,829,2022-03-08 12:38:15
2888,Backpack 2888,Beauty,1558.72,541,2022-11-20 18:31:31
2889,Headphones 2889,Sports,480.31,282,2022-01-30 04:26:08
2890,Sneakers 2890,Books,771.18,908,2022-10-09 15:42:47
2891,Keyboard 2891,Fashion,1260.97,616,2021-02-14 15:55:53
2892,Keyboard 2892,Electronics,1175.19,934,2023-01-10 09:33:51
2893,Sneakers 2893,Fashion,1410.8,947,2021-10-29 16:19:24
2894,Keyboard 2894,Electronics,1883.93,633,2021-02-15 13:33:39
2895,Backpack 2895,Sports,1452.07,779,2021-12-14 02:56:29
2896,Sneakers 2896,Books,1442.94,44,2021-10-21 21:00:57
2897,Monitor 2897,Fashion,839.33,728,2023-05-01 13:25:21
2898,T-Shirt 2898,Books,1950.38,916,2023-05-26 07:01:12
2899,Backpack 2899,Home,1261.58,120,2022-04-20 15:23:31
2900,Protein Bar 2900,Electronics,968.23,536,2022-03-19 08:37:58
2901,Notebook 2901,Electronics,338.04,280,2022-07-26 06:10:51
2902,Monitor 2902,Sports,95.66,579,2022-05-22 03:07:39
2903,Laptop 2903,Beauty,384.43,834,2022-02-27 20:27:13
2904,Protein Bar 2904,Home,1370.97,891,2022-02-23 13:49:46
2905,Notebook 2905,Electronics,335.21,768,2022-09-19 01:18:36
2906,Notebook 2906,Home,1127.18,399,2022-11-16 13:04:16
2907,Protein Bar 2907,Books,546.63,188,2022-11-10 02:52:59
2908,Laptop 2908,Fashion,1145.94,606,2021-03-07 19:38:04
2909,Laptop 2909,Books,913.6,724,2021-12-17 07:41:18
2910,Notebook 2910,Sports,610.3,225,2021-05-13 19:19:05
2911,T-Shirt 2911,Beauty,540.69,121,2022-09-07 14:44:53
2912,Monitor 2912,Fashion,96.0,243,2021-07-30 03:15:34
2913,T-Shirt 2913,Electronics,1281.03,964,2021-08-14 20:01:39
2914,T-Shirt 2914,Fashion,544.52,809,2021-08-06 23:33:27
2915,Laptop 2915,Beauty,1960.15,843,2023-04-16 08:43:43
2916,Sneakers 2916,Books,236.79,664,2022-09-27 10:27:18
2917,Backpack 2917,Beauty,1212.29,377,2021-10-18 21:15:11
2918,Backpack 2918,Electronics,1893.12,905,2022-10-01 21:17:29
2919,Notebook 2919,Sports,1445.55,418,2021-08-08 13:32:53
2920,Headphones 2920,Sports,652.65,58,2022-11-30 11:58:29
2921,Laptop 2921,Sports,442.46,988,2022-08-17 13:10:13
2922,T-Shirt 2922,Fashion,515.69,16,2022-03-19 14:17:24
2923,Notebook 2923,Beauty,1957.63,796,2022-02-13 07:00:26
2924,Headphones 2924,Electronics,1446.59,704,2022-02-02 16:54:21
2925,Protein Bar 2925,Beauty,518.4,641,2021-02-15 02:11:36
2926,Headphones 2926,Books,416.29,452,2022-09-05 04:53:48
2927,Sneakers 2927,Sports,541.24,595,2022-07-01 06:47:55
2928,Protein Bar 2928,Fashion,894.88,747,2022-12-30 02:43:54
2929,Protein Bar 2929,Sports,300.93,490,2022-10-23 15:08:27
2930,Keyboard 2930,Home,367.12,189,2021-11-27 06:02:17
2931,Monitor 2931,Fashion,1141.47,965,2022-05-16 08:19:39
2932,Monitor 2932,Beauty,567.68,317,2022-09-27 16:45:52
2933,Monitor 2933,Fashion,1635.91,703,2022-07-28 23:12:23
2934,Headphones 2934,Fashion,143.56,73,2022-02-03 20:43:17
2935,Protein Bar 2935,Fashion,912.77,660,2021-02-12 15:33:02
2936,Protein Bar 2936,Electronics,1449.99,140,2022-10-26 08:30:20
2937,Laptop 2937,Books,203.96,393,2021-12-11 04:53:59
2938,Laptop 2938,Electronics,1653.99,781,2021-12-30 00:04:20
2939,Laptop 2939,Fashion,500.44,85,2022-08-28 07:47:34
2940,T-Shirt 2940,Fashion,1877.5,614,2021-06-30 07:35:47
2941,Laptop 2941,Electronics,1915.45,108,2021-01-18 18:06:21
2942,Notebook 2942,Beauty,1637.42,873,2023-04-20 19:02:03
2943,Keyboard 2943,Fashion,282.76,777,2022-07-08 08:08:11
2944,Headphones 2944,Home,1631.85,314,2023-03-17 19:07:56
2945,Backpack 2945,Home,313.25,57,2023-05-28 04:03:58
2946,Notebook 2946,Beauty,538.58,556,2023-01-29 23:05:07
2947,Keyboard 2947,Electronics,1650.73,105,2023-01-20 17:35:16
2948,Notebook 2948,Sports,209.62,907,2022-04-14 09:41:43
2949,Protein Bar 2949,Fashion,7.41,229,2021-07-02 18:47:56
2950,Laptop 2950,Fashion,857.14,150,2022-08-21 21:00:56
2951,Backpack 2951,Beauty,577.26,943,2022-05-22 08:45:39
2952,Protein Bar 2952,Beauty,1769.03,842,2023-01-14 00:40:51
2953,Keyboard 2953,Home,343.27,112,2022-09-02 04:06:07
2954,Sneakers 2954,Electronics,1913.15,288,2023-05-31 17:30:39
2955,Backpack 2955,Electronics,1233.32,121,2022-07-15 08:39:10
2956,Backpack 2956,Electronics,1791.7,619,2021-01-28 02:55:01
2957,Monitor 2957,Fashion,860.11,342,2022-12-09 00:44:38
2958,Headphones 2958,Fashion,1360.47,153,2022-03-24 02:07:35
2959,T-Shirt 2959,Books,1636.04,356,2022-02-25 21:04:19
2960,Keyboard 2960,Sports,1832.89,677,2021-10-03 03:19:14
2961,Backpack 2961,Sports,1622.39,728,2022-12-16 18:43:01
2962,Keyboard 2962,Electronics,1724.12,152,2021-09-10 12:20:38
2963,Monitor 2963,Sports,299.82,457,2021-10-15 07:12:56
2964,Coffee Maker 2964,Electronics,230.76,437,2023-01-25 01:45:41
2965,T-Shirt 2965,Fashion,185.44,130,2023-01-11 14:04:23
2966,Monitor 2966,Home,708.45,506,2023-01-17 08:33:52
2967,Protein Bar 2967,Home,1388.37,423,2021-12-21 10:04:52
2968,Headphones 2968,Beauty,670.26,821,2021-05-06 07:26:35
2969,Sneakers 2969,Home,840.23,509,2021-03-29 03:33:57
2970,Notebook 2970,Books,987.74,549,2021-03-16 09:54:33
2971,Sneakers 2971,Home,171.82,732,2021-01-08 20:36:04
2972,Protein Bar 2972,Books,1157.86,710,2022-03-11 10:56:34
2973,Sneakers 2973,Beauty,179.06,370,2021-06-11 04:36:50
2974,Laptop 2974,Fashion,1987.84,17,2022-05-08 20:41:31
2975,Backpack 2975,Books,950.48,136,2021-10-01 11:44:37
2976,Keyboard 2976,Electronics,1823.17,369,2022-09-10 11:14:46
2977,Monitor 2977,Sports,923.47,855,2021-01-27 01:41:15
2978,Notebook 2978,Home,488.78,847,2022-05-02 14:00:30
2979,Sneakers 2979,Electronics,1495.26,120,2022-01-14 05:14:09
2980,Monitor 2980,Home,1467.5,712,2021-01-09 16:20:59
2981,Protein Bar 2981,Sports,112.9,108,2021-04-27 17:51:42
2982,Headphones 2982,Electronics,956.27,608,2021-06-15 19:04:55
2983,Monitor 2983,Electronics,298.04,144,2022-06-02 04:35:02
2984,Keyboard 2984,Fashion,158.75,582,2023-03-11 18:43:47
2985,Protein Bar 2985,Fashion,1532.01,481,2021-09-24 09:07:46
2986,Monitor 2986,Beauty,1057.26,971,2021-09-22 05:09:57
2987,T-Shirt 2987,Home,825.99,345,2022-11-11 10:53:13
2988,Coffee Maker 2988,Beauty,1392.02,293,2021-06-23 23:28:25
2989,Keyboard 2989,Fashion,124.7,657,2021-12-01 11:16:36
2990,Laptop 2990,Books,1503.51,515,2022-03-20 14:27:10
2991,Monitor 2991,Electronics,795.8,433,2021-10-02 16:40:27
2992,Coffee Maker 2992,Books,1424.26,264,2022-11-08 07:23:04
2993,Headphones 2993,Books,615.54,232,2023-04-27 13:08:31
2994,Protein Bar 2994,Fashion,547.3,94,2021-09-22 19:00:39
2995,Notebook 2995,Home,1955.96,128,2021-12-15 06:37:01
2996,Sneakers 2996,Home,1239.99,224,2022-06-27 16:46:32
2997,Protein Bar 2997,Fashion,1645.9,999,2021-10-18 12:46:59
2998,Notebook 2998,Books,1684.22,836,2022-10-13 17:37:22
2999,Coffee Maker 2999,Home,629.81,657,2021-03-23 09:16:44
3000,Protein Bar 3000,Home,333.82,822,2022-06-01 03:20:42
3001,Backpack 3001,Beauty,851.32,276,2021-06-25 15:48:21
3002,Keyboard 3002,Electronics,160.23,617,2021-10-07 09:48:08
3003,Backpack 3003,Electronics,482.86,166,2022-04-29 13:40:41
3004,Notebook 3004,Electronics,135.31,611,2021-03-28 15:32:58
3005,Laptop 3005,Sports,379.55,206,2021-02-18 07:04:31
3006,Laptop 3006,Fashion,541.99,1000,2022-08-02 23:38:52
3007,Headphones 3007,Books,94.52,809,2022-10-30 04:44:32
3008,Coffee Maker 3008,Electronics,100.86,95,2022-08-04 18:03:38
3009,T-Shirt 3009,Electronics,1961.18,769,2022-08-31 10:45:38
3010,T-Shirt 3010,Home,1002.93,322,2023-01-30 19:52:03
3011,Protein Bar 3011,Beauty,714.9,132,2022-10-09 13:51:50
3012,Keyboard 3012,Sports,817.54,759,2022-11-02 07:34:56
3013,Notebook 3013,Electronics,1006.84,793,2021-06-17 11:39:24
3014,Monitor 3014,Electronics,1176.42,391,2021-03-27 04:37:08
3015,Coffee Maker 3015,Books,1738.28,38,2021-10-23 13:12:17
3016,T-Shirt 3016,Fashion,307.32,474,2023-05-16 14:34:00
3017,Keyboard 3017,Beauty,191.12,735,2022-08-07 23:54:12
3018,Sneakers 3018,Fashion,1615.91,669,2022-10-14 19:34:57
3019,Monitor 3019,Beauty,326.29,986,2022-12-04 16:49:01
3020,Notebook 3020,Books,1984.6,623,2022-08-27 14:26:58
3021,Notebook 3021,Sports,897.72,134,2021-10-31 19:02:41
3022,Backpack 3022,Sports,723.83,876,2022-11-11 21:47:14
3023,Protein Bar 3023,Electronics,1781.91,792,2021-12-22 13:59:57
3024,Protein Bar 3024,Fashion,421.6,625,2022-10-07 05:03:14
3025,Headphones 3025,Electronics,1916.24,580,2022-01-27 12:10:06
3026,Coffee Maker 3026,Electronics,1610.43,146,2023-05-23 09:22:40
3027,T-Shirt 3027,Books,1735.73,816,2022-03-08 13:40:33
3028,Keyboard 3028,Home,192.76,321,2022-08-30 10:39:00
3029,Monitor 3029,Sports,327.14,286,2021-12-11 09:41:18
3030,Headphones 3030,Sports,709.97,72,2021-07-13 15:51:39
3031,Monitor 3031,Beauty,1545.02,264,2023-01-15 08:14:57
3032,Coffee Maker 3032,Sports,1527.48,452,2022-06-29 04:29:42
3033,Monitor 3033,Electronics,1943.5,499,2023-01-08 10:13:52
3034,Laptop 3034,Sports,1718.71,410,2023-03-12 04:20:58
3035,Protein Bar 3035,Books,1834.69,132,2022-09-05 02:05:08
3036,Coffee Maker 3036,Sports,1027.4,639,2022-04-01 15:55:02
3037,Backpack 3037,Sports,171.56,423,2021-03-12 08:43:01
3038,Notebook 3038,Home,529.34,896,2022-03-30 05:04:36
3039,Laptop 3039,Books,1954.98,58,2022-03-04 17:49:22
3040,Sneakers 3040,Beauty,1643.36,8,2021-10-06 21:01:03
3041,Monitor 3041,Electronics,584.87,162,2022-11-24 15:02:02
3042,Headphones 3042,Home,1708.39,228,2021-07-19 00:53:21
3043,Protein Bar 3043,Home,1339.96,357,2021-12-28 01:08:05
3044,Coffee Maker 3044,Home,1286.76,921,2022-12-28 04:01:27
3045,Coffee Maker 3045,Electronics,176.22,749,2021-11-12 18:14:37
3046,Keyboard 3046,Home,1537.59,204,2021-11-29 00:35:25
3047,Protein Bar 3047,Sports,133.62,350,2023-04-30 16:47:36
3048,Headphones 3048,Home,429.21,759,2022-06-26 12:43:54
3049,Coffee Maker 3049,Electronics,560.36,39,2022-03-18 02:03:09
3050,Notebook 3050,Fashion,1897.32,149,2021-08-02 15:42:19
3051,Sneakers 3051,Sports,1138.57,615,2021-08-17 14:55:36
3052,Protein Bar 3052,Electronics,1873.24,370,2023-05-19 04:49:35
3053,Protein Bar 3053,Home,430.77,216,2022-08-04 21:07:18
3054,Laptop 3054,Beauty,848.73,258,2022-12-29 21:20:30
3055,Monitor 3055,Electronics,287.77,280,2021-10-29 12:38:27
3056,Protein Bar 3056,Electronics,600.18,729,2022-11-06 18:23:54
3057,Coffee Maker 3057,Home,1051.93,685,2021-01-16 11:16:43
3058,T-Shirt 3058,Fashion,1661.95,94,2022-07-22 08:18:54
3059,Protein Bar 3059,Sports,1926.91,304,2021-03-28 15:34:28
3060,Monitor 3060,Fashion,701.81,429,2022-12-02 13:59:54
3061,Coffee Maker 3061,Home,1073.34,802,2022-08-23 05:43:51
3062,Monitor 3062,Beauty,876.38,934,2023-05-30 09:35:41
3063,Headphones 3063,Home,1646.92,574,2022-01-02 13:00:35
3064,Headphones 3064,Fashion,160.23,683,2022-04-18 22:46:17
3065,Headphones 3065,Books,293.51,680,2023-03-18 09:24:27
3066,Backpack 3066,Electronics,305.26,469,2021-02-18 17:40:27
3067,Monitor 3067,Home,1729.28,116,2022-03-11 18:46:40
3068,Protein Bar 3068,Sports,1043.78,3,2022-12-24 16:06:06
3069,Coffee Maker 3069,Fashion,1270.41,654,2021-07-29 17:29:33
3070,Headphones 3070,Electronics,77.79,763,2021-09-02 12:33:49
3071,Sneakers 3071,Home,1394.41,792,2022-01-20 16:47:17
3072,Monitor 3072,Books,758.23,356,2021-09-03 04:37:27
3073,Sneakers 3073,Fashion,1943.63,590,2021-09-12 04:08:51
3074,Laptop 3074,Sports,1628.49,16,2022-02-01 18:50:10
3075,T-Shirt 3075,Sports,1006.66,888,2023-05-29 02:00:54
3076,Keyboard 3076,Beauty,1000.77,466,2023-01-31 23:31:12
3077,Protein Bar 3077,Home,706.7,848,2021-11-13 08:58:10
3078,Notebook 3078,Home,1048.72,783,2021-10-01 01:41:55
3079,Backpack 3079,Electronics,1853.07,469,2022-03-17 10:57:13
3080,Protein Bar 3080,Sports,357.91,609,2022-04-07 08:55:12
3081,Monitor 3081,Books,874.57,291,2022-08-17 08:36:57
3082,Protein Bar 3082,Beauty,570.08,635,2022-02-23 11:55:45
3083,Keyboard 3083,Electronics,1612.85,106,2021-09-14 16:12:55
3084,Keyboard 3084,Beauty,37.77,954,2021-05-24 08:25:54
3085,Protein Bar 3085,Electronics,995.33,769,2023-05-12 23:27:37
3086,Headphones 3086,Books,203.91,454,2022-09-28 19:07:15
3087,Notebook 3087,Books,1612.71,683,2023-03-25 13:56:46
3088,T-Shirt 3088,Home,427.68,795,2021-03-08 17:03:32
3089,Coffee Maker 3089,Books,765.25,200,2023-03-12 21:54:38
3090,Coffee Maker 3090,Electronics,704.47,812,2022-07-30 21:19:03
3091,Coffee Maker 3091,Home,1816.45,660,2022-02-23 02:13:56
3092,Protein Bar 3092,Electronics,1879.54,800,2023-05-02 00:29:20
3093,Sneakers 3093,Books,570.79,900,2022-08-26 20:06:08
3094,T-Shirt 3094,Sports,1677.78,814,2021-05-13 01:36:12
3095,Protein Bar 3095,Beauty,486.9,921,2021-09-02 13:38:37
3096,Protein Bar 3096,Electronics,35.98,157,2021-08-30 12:58:27
3097,Backpack 3097,Books,1640.97,614,2022-06-26 19:44:11
3098,Backpack 3098,Sports,344.97,585,2022-04-11 12:37:29
3099,Protein Bar 3099,Fashion,1113.7,400,2022-04-25 04:34:23
3100,Sneakers 3100,Books,1290.65,848,2021-10-29 16:22:11
3101,Laptop 3101,Books,861.06,961,2023-04-04 12:48:21
3102,Protein Bar 3102,Beauty,351.57,925,2022-05-22 15:54:07
3103,Backpack 3103,Books,321.1,236,2023-05-16 14:11:14
3104,Keyboard 3104,Beauty,1603.34,516,2021-06-27 20:02:47
3105,Keyboard 3105,Beauty,1155.98,401,2021-03-10 00:20:37
3106,T-Shirt 3106,Books,322.31,330,2022-04-09 21:03:23
3107,Sneakers 3107,Electronics,191.06,447,2021-09-01 18:32:10
3108,Laptop 3108,Beauty,1541.21,156,2021-03-03 13:35:55
3109,Laptop 3109,Books,1416.61,942,2021-09-15 19:54:37
3110,Keyboard 3110,Books,767.9,760,2022-04-01 17:07:44
3111,Monitor 3111,Home,1270.75,796,2021-04-16 01:52:01
3112,Backpack 3112,Fashion,483.25,919,2022-04-30 16:17:06
3113,Sneakers 3113,Sports,391.69,860,2021-08-14 06:46:42
3114,Sneakers 3114,Beauty,1561.16,804,2022-03-11 00:10:18
3115,Protein Bar 3115,Sports,1320.22,281,2021-09-29 18:17:56
3116,Keyboard 3116,Fashion,1256.74,653,2022-02-22 18:43:17
3117,Headphones 3117,Electronics,226.31,949,2022-07-18 02:33:45
3118,Headphones 3118,Electronics,218.62,289,2021-11-17 02:17:21
3119,T-Shirt 3119,Fashion,190.09,506,2023-02-06 23:02:57
3120,Backpack 3120,Fashion,784.65,502,2021-12-16 09:10:35
3121,Laptop 3121,Home,151.78,982,2021-11-05 00:48:28
3122,Keyboard 3122,Fashion,1376.24,384,2021-02-21 08:20:52
3123,Backpack 3123,Beauty,1817.06,827,2021-01-10 21:16:22
3124,Monitor 3124,Fashion,601.02,925,2022-07-28 03:27:06
3125,Monitor 3125,Beauty,1136.75,621,2022-08-08 04:11:07
3126,Laptop 3126,Electronics,1951.95,355,2023-05-16 09:48:13
3127,Coffee Maker 3127,Books,1201.99,5,2021-12-13 18:25:08
3128,Monitor 3128,Books,1484.69,948,2022-11-14 08:13:15
3129,Keyboard 3129,Fashion,1214.19,548,2021-04-26 17:47:21
3130,Laptop 3130,Books,1025.93,156,2022-08-04 08:02:09
3131,Sneakers 3131,Sports,234.0,222,2022-07-25 01:29:35
3132,Laptop 3132,Sports,281.44,85,2021-03-06 06:54:22
3133,Monitor 3133,Sports,550.96,204,2022-10-28 17:42:29
3134,Keyboard 3134,Sports,1417.63,667,2022-06-30 07:47:36
3135,T-Shirt 3135,Home,1491.66,507,2021-11-12 18:01:29
3136,Protein Bar 3136,Books,1892.96,944,2023-04-18 05:24:30
3137,Sneakers 3137,Sports,350.05,703,2022-03-21 08:25:48
3138,T-Shirt 3138,Home,210.27,812,2021-04-13 08:14:17
3139,Headphones 3139,Sports,335.48,210,2021-12-22 13:29:01
3140,Coffee Maker 3140,Home,1766.3,433,2023-04-28 02:06:11
3141,Headphones 3141,Beauty,546.99,326,2022-10-30 12:51:01
3142,Headphones 3142,Electronics,1216.55,439,2021-12-10 09:18:04
3143,Sneakers 3143,Books,709.07,919,2022-01-18 10:10:42
3144,Keyboard 3144,Home,338.66,34,2022-08-21 18:38:16
3145,Notebook 3145,Sports,1175.8,300,2021-02-20 01:31:26
3146,Headphones 3146,Beauty,1901.0,543,2021-01-29 01:14:01
3147,Backpack 3147,Home,64.73,184,2021-09-12 06:23:40
3148,Backpack 3148,Home,1582.84,366,2021-05-12 04:07:59
3149,Sneakers 3149,Electronics,434.29,380,2022-01-15 06:51:51
3150,Backpack 3150,Fashion,1560.13,125,2021-08-19 16:40:07
3151,Laptop 3151,Sports,1378.14,734,2022-03-23 21:55:20
3152,Backpack 3152,Fashion,933.43,814,2022-07-26 12:17:01
3153,Backpack 3153,Fashion,1125.47,394,2022-10-21 05:31:19
3154,T-Shirt 3154,Books,428.29,222,2023-01-29 02:02:09
3155,Keyboard 3155,Books,559.71,622,2023-05-08 00:47:03
3156,Keyboard 3156,Books,1785.86,431,2022-11-04 16:57:16
3157,Protein Bar 3157,Sports,1627.72,202,2022-11-26 10:56:55
3158,Sneakers 3158,Electronics,1606.44,510,2023-05-15 15:28:11
3159,Laptop 3159,Sports,845.37,127,2023-03-19 18:58:57
3160,Coffee Maker 3160,Fashion,1204.85,605,2021-04-17 00:32:38
3161,Protein Bar 3161,Fashion,1154.95,291,2021-09-27 03:32:55
3162,Laptop 3162,Beauty,1567.69,589,2021-09-11 15:51:34
3163,Laptop 3163,Home,572.31,861,2021-03-30 14:56:24
3164,Protein Bar 3164,Electronics,1792.18,940,2021-08-22 13:56:16
3165,Notebook 3165,Electronics,678.09,16,2021-09-02 17:01:07
3166,Keyboard 3166,Home,194.76,821,2022-12-22 09:38:13
3167,Protein Bar 3167,Beauty,605.49,324,2021-06-25 12:03:12
3168,Backpack 3168,Home,164.14,793,2021-12-22 04:51:15
3169,Backpack 3169,Home,1226.58,402,2022-09-07 01:50:02
3170,T-Shirt 3170,Beauty,1968.01,505,2021-05-12 01:49:35
3171,Keyboard 3171,Sports,1875.72,105,2023-04-22 08:02:23
3172,Laptop 3172,Fashion,100.43,10,2021-05-16 10:10:31
3173,Monitor 3173,Electronics,1987.11,882,2021-03-21 19:23:43
3174,Protein Bar 3174,Fashion,344.53,195,2021-11-18 21:53:53
3175,Backpack 3175,Books,1979.18,956,2022-02-24 05:48:36
3176,Laptop 3176,Sports,1767.22,44,2021-12-07 20:41:46
3177,Keyboard 3177,Electronics,1894.55,76,2022-09-15 05:27:30
3178,T-Shirt 3178,Sports,1377.4,810,2022-12-17 09:05:09
3179,Protein Bar 3179,Sports,1398.84,947,2021-09-19 03:41:53
3180,Monitor 3180,Books,924.08,129,2022-12-20 10:22:10
3181,Backpack 3181,Fashion,1507.3,909,2022-11-08 05:05:28
3182,Protein Bar 3182,Beauty,896.33,125,2023-02-13 01:18:11
3183,Notebook 3183,Books,484.84,489,2022-08-23 11:28:54
3184,Coffee Maker 3184,Sports,647.21,748,2023-01-12 16:51:38
3185,Coffee Maker 3185,Fashion,188.14,784,2023-02-03 07:16:24
3186,T-Shirt 3186,Beauty,170.17,571,2022-11-05 05:21:30
3187,Sneakers 3187,Beauty,1296.03,876,2021-08-26 07:44:19
3188,Sneakers 3188,Beauty,160.64,995,2021-07-27 18:31:39
3189,Coffee Maker 3189,Electronics,428.89,686,2023-03-30 21:27:10
3190,Sneakers 3190,Home,1637.93,192,2021-03-10 01:10:05
3191,Coffee Maker 3191,Electronics,684.2,833,2021-02-08 00:16:49
3192,Headphones 3192,Books,1030.28,320,2023-03-04 03:24:07
3193,T-Shirt 3193,Beauty,910.77,157,2022-05-10 06:05:37
3194,Notebook 3194,Electronics,1828.68,224,2022-05-31 02:43:06
3195,Backpack 3195,Home,1950.25,888,2021-06-21 19:52:18
3196,Headphones 3196,Books,410.03,409,2022-02-22 04:20:32
3197,Sneakers 3197,Electronics,559.29,168,2023-01-07 05:00:18
3198,T-Shirt 3198,Books,1298.52,150,2021-08-11 10:26:19
3199,Coffee Maker 3199,Electronics,1491.33,246,2021-09-03 02:42:09
3200,Laptop 3200,Home,378.12,29,2021-05-06 09:17:01
3201,Coffee Maker 3201,Beauty,1064.12,360,2021-04-12 09:32:56
3202,T-Shirt 3202,Electronics,1854.22,86,2022-06-05 05:24:56
3203,Backpack 3203,Home,428.07,406,2021-10-02 02:44:50
3204,Notebook 3204,Home,1018.31,54,2021-11-12 23:27:15
3205,Coffee Maker 3205,Sports,742.71,50,2021-09-03 04:48:13
3206,Protein Bar 3206,Beauty,1856.4,198,2022-04-26 02:19:40
3207,T-Shirt 3207,Fashion,808.37,608,2022-10-12 02:22:28
3208,T-Shirt 3208,Books,1216.86,531,2021-10-04 21:28:42
3209,Protein Bar 3209,Electronics,1363.92,661,2021-12-02 07:18:29
3210,Sneakers 3210,Electronics,443.06,54,2022-08-05 21:27:41
3211,Laptop 3211,Books,536.03,67,2023-02-08 19:55:44
3212,Notebook 3212,Electronics,554.54,903,2023-05-11 13:24:38
3213,Headphones 3213,Beauty,1433.07,401,2022-01-20 12:09:29
3214,Protein Bar 3214,Electronics,443.68,843,2021-05-19 14:41:15
3215,T-Shirt 3215,Home,415.38,804,2021-12-19 09:42:09
3216,Sneakers 3216,Sports,1275.61,722,2023-01-31 01:05:42
3217,Headphones 3217,Sports,1469.1,96,2021-05-13 22:45:32
3218,Monitor 3218,Books,1816.03,637,2022-06-24 17:15:39
3219,Coffee Maker 3219,Beauty,614.12,928,2022-04-18 16:31:32
3220,Sneakers 3220,Fashion,633.65,71,2023-03-30 02:23:04
3221,Monitor 3221,Fashion,667.65,466,2022-07-09 23:47:33
3222,Monitor 3222,Electronics,1333.73,438,2021-10-11 12:56:25
3223,Backpack 3223,Electronics,359.14,270,2023-03-25 11:59:13
3224,Keyboard 3224,Fashion,1360.01,873,2021-03-17 20:19:10
3225,Laptop 3225,Books,707.53,485,2022-04-05 19:18:07
3226,Headphones 3226,Electronics,979.17,253,2022-01-25 19:28:14
3227,Coffee Maker 3227,Electronics,95.13,17,2021-03-31 20:13:45
3228,Headphones 3228,Beauty,1980.87,855,2021-07-23 10:35:24
3229,Sneakers 3229,Books,1008.78,773,2023-02-23 05:19:53
3230,Monitor 3230,Electronics,204.48,823,2022-09-11 00:07:23
3231,Backpack 3231,Home,983.87,359,2023-03-29 15:13:22
3232,Notebook 3232,Sports,1328.5,259,2021-07-06 07:10:16
3233,Backpack 3233,Home,32.05,361,2022-11-03 02:20:35
3234,T-Shirt 3234,Beauty,670.81,530,2022-05-30 20:11:21
3235,Headphones 3235,Home,229.96,702,2022-07-27 20:20:22
3236,Notebook 3236,Beauty,1281.4,151,2022-01-02 10:41:21
3237,Protein Bar 3237,Fashion,1320.44,145,2021-12-19 13:20:56
3238,Backpack 3238,Home,66.65,591,2022-01-27 13:42:45
3239,Protein Bar 3239,Sports,416.58,91,2021-01-04 06:43:29
3240,Sneakers 3240,Home,1279.27,988,2022-05-17 20:41:52
3241,T-Shirt 3241,Beauty,1359.21,920,2023-02-27 14:54:06
3242,Coffee Maker 3242,Books,354.03,932,2022-10-24 13:27:20
3243,Backpack 3243,Sports,785.1,427,2022-07-09 04:24:43
3244,T-Shirt 3244,Sports,385.19,593,2022-04-05 01:36:18
3245,Notebook 3245,Beauty,689.83,627,2021-03-26 16:48:06
3246,Keyboard 3246,Home,1591.69,580,2021-05-10 00:12:51
3247,Backpack 3247,Sports,224.83,8,2023-03-14 19:30:27
3248,Coffee Maker 3248,Beauty,298.53,697,2023-04-11 13:09:40
3249,Monitor 3249,Books,1933.51,638,2022-08-09 15:46:03
3250,Notebook 3250,Beauty,329.4,498,2021-07-03 02:34:49
3251,T-Shirt 3251,Electronics,1600.57,15,2021-02-14 08:56:10
3252,Coffee Maker 3252,Electronics,438.56,845,2022-06-30 22:41:48
3253,Headphones 3253,Electronics,111.12,313,2022-03-25 18:48:31
3254,Laptop 3254,Home,707.75,854,2022-07-08 19:40:52
3255,Laptop 3255,Electronics,506.61,358,2021-06-08 00:52:12
3256,T-Shirt 3256,Books,1332.33,787,2023-02-23 14:23:35
3257,Notebook 3257,Fashion,1907.6,730,2021-05-24 01:53:44
3258,T-Shirt 3258,Fashion,1991.85,201,2022-12-23 17:54:18
3259,Protein Bar 3259,Books,1836.93,297,2021-09-06 09:47:33
3260,Sneakers 3260,Electronics,948.99,363,2023-02-20 18:09:44
3261,Sneakers 3261,Beauty,1275.9,432,2022-11-07 16:16:49
3262,Protein Bar 3262,Electronics,1786.6,942,2022-05-02 10:20:37
3263,T-Shirt 3263,Books,624.92,577,2021-09-09 06:11:58
3264,Protein Bar 3264,Beauty,1752.49,823,2021-12-16 19:19:50
3265,Headphones 3265,Fashion,1368.23,204,2021-08-15 05:56:00
3266,T-Shirt 3266,Fashion,835.54,204,2022-11-14 11:08:52
3267,T-Shirt 3267,Sports,175.77,580,2021-11-27 01:54:00
3268,Coffee Maker 3268,Books,370.83,801,2021-06-04 17:49:59
3269,Protein Bar 3269,Electronics,281.53,452,2023-05-23 15:50:43
3270,Backpack 3270,Books,1870.09,729,2022-03-09 17:56:51
3271,Backpack 3271,Home,711.62,477,2021-06-24 13:18:52
3272,Protein Bar 3272,Home,925.26,934,2022-01-10 19:03:17
3273,Notebook 3273,Electronics,1915.2,431,2023-02-17 11:00:03
3274,Keyboard 3274,Fashion,1232.34,309,2021-12-11 06:20:52
3275,Sneakers 3275,Books,1026.85,130,2021-11-14 20:08:55
3276,Headphones 3276,Books,1800.33,898,2022-11-05 15:54:40
3277,T-Shirt 3277,Electronics,1511.89,402,2022-07-19 20:22:23
3278,Monitor 3278,Home,1341.81,473,2023-01-22 13:33:08
3279,Notebook 3279,Home,1679.2,86,2022-12-18 09:39:14
3280,Laptop 3280,Sports,1660.64,665,2021-03-27 02:02:59
3281,Keyboard 3281,Sports,1190.71,841,2021-07-16 00:08:50
3282,T-Shirt 3282,Books,965.53,339,2022-09-30 02:35:20
3283,Laptop 3283,Electronics,1482.24,690,2023-04-27 20:56:21
3284,Notebook 3284,Beauty,1435.32,718,2022-04-21 03:47:44
3285,Sneakers 3285,Books,292.58,758,2022-03-29 19:45:08
3286,Coffee Maker 3286,Fashion,450.97,691,2021-06-21 19:21:41
3287,Monitor 3287,Sports,1258.34,736,2021-05-29 05:18:30
3288,Laptop 3288,Home,1249.21,205,2022-02-19 21:40:41
3289,Keyboard 3289,Electronics,5.07,618,2022-03-03 17:25:54
3290,Keyboard 3290,Books,198.24,209,2021-08-08 10:29:29
3291,Keyboard 3291,Home,54.19,517,2022-07-25 21:02:39
3292,Coffee Maker 3292,Home,116.03,124,2022-09-03 17:28:29
3293,T-Shirt 3293,Home,970.02,188,2022-05-26 07:43:10
3294,Sneakers 3294,Books,524.24,627,2021-12-27 20:02:02
3295,Coffee Maker 3295,Beauty,1236.23,442,2023-03-27 18:32:53
3296,Monitor 3296,Beauty,48.21,145,2022-10-16 14:08:43
3297,Sneakers 3297,Fashion,1025.47,716,2022-12-15 10:32:45
3298,Notebook 3298,Fashion,954.94,296,2022-02-09 19:14:18
3299,T-Shirt 3299,Beauty,204.54,602,2021-12-19 20:12:00
3300,Coffee Maker 3300,Sports,1337.06,400,2023-01-08 08:31:21
3301,Protein Bar 3301,Beauty,1600.71,475,2023-03-15 01:36:24
3302,Protein Bar 3302,Home,300.59,290,2022-02-14 01:09:41
3303,Coffee Maker 3303,Electronics,1130.6,11,2022-08-08 00:39:57
3304,Headphones 3304,Sports,73.0,666,2022-12-21 23:02:18
3305,Headphones 3305,Home,90.05,928,2021-09-08 11:33:53
3306,Backpack 3306,Fashion,938.47,740,2021-02-18 12:41:08
3307,Coffee Maker 3307,Sports,23.19,162,2022-05-07 15:59:45
3308,Backpack 3308,Books,1712.4,515,2021-02-24 04:56:24
3309,Sneakers 3309,Sports,1805.59,537,2022-09-18 22:22:58
3310,Protein Bar 3310,Books,130.22,671,2022-03-26 01:37:57
3311,Monitor 3311,Sports,1313.59,576,2023-05-27 16:26:08
3312,Backpack 3312,Home,1431.79,805,2022-07-01 07:50:18
3313,Monitor 3313,Sports,1571.0,674,2023-01-31 20:47:00
3314,T-Shirt 3314,Home,141.08,859,2022-03-25 02:33:16
3315,Coffee Maker 3315,Home,1925.3,620,2022-07-07 06:39:31
3316,Monitor 3316,Books,1418.46,519,2021-09-05 13:56:50
3317,Notebook 3317,Sports,263.2,331,2021-03-10 13:13:39
3318,Headphones 3318,Books,699.45,632,2022-12-26 08:10:49
3319,Protein Bar 3319,Electronics,94.63,872,2023-02-11 15:55:14
3320,Monitor 3320,Fashion,197.6,108,2021-03-09 08:05:33
3321,Coffee Maker 3321,Beauty,955.44,778,2021-11-22 08:05:08
3322,Sneakers 3322,Beauty,1592.23,107,2022-08-06 08:30:00
3323,Monitor 3323,Beauty,1785.48,773,2023-02-09 06:37:45
3324,Protein Bar 3324,Electronics,128.54,256,2021-09-14 20:05:15
3325,Keyboard 3325,Electronics,1694.37,74,2021-02-18 01:51:18
3326,Coffee Maker 3326,Sports,1215.03,860,2022-08-26 21:58:51
3327,Laptop 3327,Fashion,645.71,715,2022-11-30 18:56:13
3328,Coffee Maker 3328,Home,270.77,652,2022-06-26 09:48:13
3329,Headphones 3329,Books,403.47,258,2022-11-01 03:42:35
3330,Coffee Maker 3330,Home,1359.3,230,2021-04-17 16:40:22
3331,Sneakers 3331,Beauty,328.37,833,2022-09-21 18:27:25
3332,Notebook 3332,Fashion,176.61,24,2022-09-16 08:23:15
3333,Keyboard 3333,Fashion,71.31,143,2021-07-07 16:51:43
3334,Laptop 3334,Sports,1549.9,581,2022-11-02 23:33:16
3335,Notebook 3335,Electronics,684.72,698,2022-05-18 05:23:28
3336,Notebook 3336,Home,384.32,212,2022-10-02 19:24:35
3337,Headphones 3337,Home,1004.2,365,2022-01-15 14:52:06
3338,Headphones 3338,Books,1707.58,820,2022-05-30 12:59:05
3339,Keyboard 3339,Home,857.89,385,2021-06-02 12:42:42
3340,Keyboard 3340,Books,160.9,801,2021-12-26 01:31:59
3341,Notebook 3341,Sports,206.32,510,2022-04-04 23:35:31
3342,Sneakers 3342,Electronics,1204.97,338,2021-01-06 15:08:15
3343,Laptop 3343,Fashion,1643.55,296,2023-04-14 07:00:03
3344,T-Shirt 3344,Home,1408.03,69,2021-12-05 23:59:14
3345,Monitor 3345,Sports,154.18,589,2022-08-06 21:16:34
3346,Sneakers 3346,Books,1863.96,512,2023-05-26 17:14:58
3347,T-Shirt 3347,Home,1239.2,559,2023-04-21 22:38:38
3348,Keyboard 3348,Books,944.6,939,2022-04-06 12:48:46
3349,T-Shirt 3349,Beauty,64.81,346,2022-07-31 14:49:06
3350,Protein Bar 3350,Sports,405.02,909,2023-01-26 09:19:19
3351,Laptop 3351,Fashion,412.45,836,2023-05-07 19:45:36
3352,Backpack 3352,Beauty,1825.08,63,2021-05-12 12:13:42
3353,Sneakers 3353,Home,150.46,970,2022-11-06 12:50:38
3354,Headphones 3354,Books,1407.67,783,2023-01-21 15:08:38
3355,Laptop 3355,Sports,1962.21,972,2021-06-01 19:54:53
3356,Protein Bar 3356,Books,1479.88,951,2021-04-21 23:54:09
3357,Keyboard 3357,Books,960.15,132,2022-03-06 11:26:01
3358,T-Shirt 3358,Beauty,88.27,36,2022-09-22 22:28:37
3359,Coffee Maker 3359,Books,454.36,358,2021-06-23 16:14:17
3360,Protein Bar 3360,Home,610.32,870,2023-01-24 21:29:23
3361,Sneakers 3361,Electronics,1862.84,26,2021-09-13 22:22:14
3362,Sneakers 3362,Books,1218.24,388,2021-04-11 20:28:10
3363,Laptop 3363,Books,966.94,396,2021-02-17 23:43:16
3364,Protein Bar 3364,Beauty,254.85,718,2022-09-11 23:11:17
3365,Protein Bar 3365,Books,279.85,448,2021-10-03 02:20:18
3366,Keyboard 3366,Books,1965.16,376,2021-03-21 22:19:23
3367,Backpack 3367,Fashion,689.54,940,2023-04-24 20:25:07
3368,Laptop 3368,Fashion,467.91,602,2023-03-28 05:16:53
3369,Laptop 3369,Fashion,829.07,770,2022-01-14 00:04:15
3370,Notebook 3370,Books,96.33,821,2021-03-24 23:42:24
3371,Laptop 3371,Beauty,503.6,58,2023-02-11 00:07:15
3372,Keyboard 3372,Electronics,257.8,184,2021-07-07 05:16:11
3373,T-Shirt 3373,Electronics,631.68,616,2023-05-23 07:00:27
3374,Sneakers 3374,Sports,263.78,407,2023-02-02 04:18:59
3375,Coffee Maker 3375,Beauty,249.14,78,2021-03-08 22:23:17
3376,Keyboard 3376,Sports,1877.05,210,2022-01-19 05:32:09
3377,Coffee Maker 3377,Beauty,1471.76,365,2022-11-24 23:36:33
3378,Sneakers 3378,Home,1427.7,964,2023-02-11 21:25:05
3379,Backpack 3379,Books,588.9,669,2023-01-26 05:09:20
3380,Sneakers 3380,Books,1786.49,326,2023-02-24 02:34:02
3381,Notebook 3381,Books,213.23,354,2021-01-14 19:11:09
3382,Protein Bar 3382,Beauty,1901.37,497,2021-04-05 11:05:25
3383,T-Shirt 3383,Electronics,411.09,140,2022-08-02 15:11:28
3384,Notebook 3384,Fashion,613.35,566,2022-07-23 23:57:19
3385,Sneakers 3385,Electronics,747.92,835,2022-01-17 08:11:45
3386,Monitor 3386,Electronics,1955.93,715,2022-07-05 22:14:02
3387,Coffee Maker 3387,Beauty,1529.56,975,2022-12-22 02:41:05
3388,Keyboard 3388,Electronics,1000.32,34,2022-03-05 20:03:18
3389,T-Shirt 3389,Sports,1178.54,307,2021-02-27 22:27:31
3390,Keyboard 3390,Electronics,561.79,624,2022-08-17 14:12:18
3391,Protein Bar 3391,Home,42.6,391,2022-06-11 02:55:37
3392,Protein Bar 3392,Home,93.61,210,2021-07-15 16:58:19
3393,Protein Bar 3393,Fashion,1321.55,545,2022-12-02 18:08:52
3394,Laptop 3394,Beauty,613.77,554,2022-12-12 12:56:29
3395,Backpack 3395,Electronics,1820.56,772,2022-10-14 10:07:24
3396,Backpack 3396,Sports,1621.44,605,2021-03-07 04:24:35
3397,Sneakers 3397,Electronics,685.18,849,2022-08-09 12:39:22
3398,Headphones 3398,Home,1732.16,801,2021-06-11 08:00:00
3399,Laptop 3399,Electronics,1108.82,975,2021-07-24 17:33:22
3400,T-Shirt 3400,Books,929.69,586,2022-03-19 11:53:16
3401,Headphones 3401,Books,523.9,983,2021-08-23 06:01:33
3402,Protein Bar 3402,Home,1492.54,946,2022-03-31 15:27:34
3403,Sneakers 3403,Fashion,1815.89,287,2021-11-17 13:43:49
3404,T-Shirt 3404,Electronics,1997.62,789,2021-10-01 20:19:01
3405,Notebook 3405,Sports,678.38,404,2022-03-09 03:10:52
3406,Laptop 3406,Books,552.17,275,2023-02-06 00:50:31
3407,T-Shirt 3407,Beauty,1621.47,622,2021-04-16 22:00:40
3408,Laptop 3408,Electronics,617.26,676,2022-11-22 21:15:40
3409,Backpack 3409,Sports,1695.95,454,2023-04-26 08:17:58
3410,Coffee Maker 3410,Electronics,882.62,477,2022-08-24 04:20:41
3411,Laptop 3411,Sports,963.01,864,2021-05-21 23:29:20
3412,Notebook 3412,Fashion,820.18,593,2021-06-27 18:43:23
3413,Keyboard 3413,Sports,1794.6,564,2021-10-03 18:54:00
3414,Backpack 3414,Electronics,883.68,264,2022-10-28 13:00:40
3415,T-Shirt 3415,Sports,1738.77,130,2022-08-17 17:27:34
3416,Sneakers 3416,Beauty,353.12,892,2021-08-16 08:18:37
3417,Headphones 3417,Beauty,103.91,117,2022-10-14 20:08:37
3418,Laptop 3418,Fashion,1370.46,881,2022-04-21 06:32:38
3419,Coffee Maker 3419,Books,638.08,566,2022-10-20 06:35:33
3420,Sneakers 3420,Electronics,1903.65,265,2022-10-26 16:03:06
3421,T-Shirt 3421,Electronics,1358.38,878,2022-05-05 20:56:53
3422,Backpack 3422,Books,1438.05,614,2021-02-02 16:41:36
3423,Sneakers 3423,Sports,222.78,519,2023-02-09 18:12:40
3424,Coffee Maker 3424,Electronics,1024.52,242,2022-10-02 06:13:43
3425,Sneakers 3425,Sports,1142.88,849,2021-01-11 01:40:27
3426,Protein Bar 3426,Electronics,1285.56,896,2022-08-10 18:57:21
3427,T-Shirt 3427,Fashion,54.27,621,2022-08-09 06:04:04
3428,Backpack 3428,Sports,1950.32,918,2022-03-24 22:16:25
3429,Backpack 3429,Home,1885.25,301,2022-01-12 10:04:24
3430,Headphones 3430,Electronics,324.82,45,2021-11-19 06:52:07
3431,T-Shirt 3431,Fashion,1824.19,26,2022-05-12 14:52:31
3432,Keyboard 3432,Books,426.9,320,2022-06-05 12:43:29
3433,Notebook 3433,Beauty,1562.84,520,2022-05-26 15:26:10
3434,Headphones 3434,Beauty,691.39,220,2021-02-03 23:52:54
3435,Protein Bar 3435,Books,70.04,743,2023-03-25 08:00:34
3436,Monitor 3436,Home,1526.41,664,2021-11-04 16:32:31
3437,Keyboard 3437,Electronics,1917.46,229,2021-02-09 15:00:58
3438,Headphones 3438,Books,1995.64,645,2023-03-12 06:10:43
3439,Notebook 3439,Beauty,839.07,750,2021-02-10 06:06:10
3440,Keyboard 3440,Books,1597.42,621,2023-03-05 17:08:28
3441,Coffee Maker 3441,Beauty,1051.27,451,2021-06-16 15:21:13
3442,Backpack 3442,Sports,394.07,589,2021-10-19 20:10:52
3443,T-Shirt 3443,Fashion,660.73,818,2022-11-25 19:55:10
3444,Backpack 3444,Fashion,914.36,766,2021-09-22 11:39:47
3445,Keyboard 3445,Beauty,485.89,750,2023-02-25 14:18:38
3446,Protein Bar 3446,Sports,163.98,573,2022-05-28 11:36:10
3447,Notebook 3447,Electronics,1829.7,669,2022-06-27 21:54:44
3448,Coffee Maker 3448,Books,464.55,805,2021-09-03 10:41:10
3449,Protein Bar 3449,Fashion,1140.84,846,2021-07-04 10:51:12
3450,Monitor 3450,Books,493.66,931,2023-01-10 07:50:55
3451,Protein Bar 3451,Beauty,1171.59,141,2023-03-01 04:01:20
3452,Headphones 3452,Sports,1592.73,349,2022-03-19 10:50:04
3453,Backpack 3453,Electronics,167.6,431,2023-03-23 10:43:40
3454,Notebook 3454,Fashion,1154.14,647,2021-07-13 21:45:11
3455,Sneakers 3455,Fashion,1753.43,15,2023-04-08 11:37:12
3456,Monitor 3456,Electronics,840.16,783,2021-02-04 18:14:39
3457,Notebook 3457,Beauty,1860.6,760,2021-08-11 17:57:26
3458,Keyboard 3458,Fashion,1739.57,853,2022-01-22 04:36:40
3459,Protein Bar 3459,Electronics,1381.64,74,2021-05-10 05:31:07
3460,Monitor 3460,Books,1734.43,940,2023-01-21 16:19:44
3461,Protein Bar 3461,Home,711.96,411,2023-02-18 07:05:45
3462,Notebook 3462,Fashion,1425.41,121,2022-08-20 20:42:07
3463,Backpack 3463,Sports,1185.0,631,2022-11-21 13:58:35
3464,Keyboard 3464,Beauty,95.25,756,2022-10-06 03:41:11
3465,Backpack 3465,Home,1821.8,645,2021-10-07 07:07:39
3466,Coffee Maker 3466,Beauty,1670.44,296,2022-03-31 13:02:46
3467,Coffee Maker 3467,Beauty,273.54,187,2023-05-01 02:38:58
3468,Headphones 3468,Books,172.16,917,2022-06-15 14:37:08
3469,Laptop 3469,Books,1188.13,690,2021-12-26 14:32:44
3470,Coffee Maker 3470,Home,644.27,180,2023-02-23 10:10:11
3471,Notebook 3471,Beauty,1178.22,967,2022-03-15 07:46:16
3472,Keyboard 3472,Fashion,598.21,349,2022-07-08 06:59:28
3473,Laptop 3473,Books,1037.77,537,2022-07-15 01:40:59
3474,Headphones 3474,Books,1688.91,436,2023-05-14 12:00:57
3475,T-Shirt 3475,Sports,771.22,775,2022-07-27 10:04:43
3476,Monitor 3476,Fashion,88.66,967,2021-06-08 04:11:45
3477,Sneakers 3477,Home,1040.67,588,2021-09-07 04:47:22
3478,Headphones 3478,Sports,203.44,291,2021-05-26 20:12:03
3479,Monitor 3479,Electronics,579.25,498,2022-08-10 18:58:46
3480,Coffee Maker 3480,Fashion,1771.27,295,2022-07-20 09:30:53
3481,T-Shirt 3481,Books,1508.17,946,2022-11-10 01:46:40
3482,Sneakers 3482,Beauty,560.86,98,2021-11-23 02:32:41
3483,Sneakers 3483,Books,1678.39,772,2022-08-11 15:45:38
3484,Monitor 3484,Electronics,1198.79,40,2021-02-20 14:20:16
3485,Notebook 3485,Books,1598.99,6,2023-04-05 17:00:40
3486,Coffee Maker 3486,Electronics,742.23,288,2022-03-25 14:48:10
3487,Headphones 3487,Home,1465.52,533,2021-08-10 10:06:30
3488,Monitor 3488,Home,593.41,112,2021-02-10 22:38:01
3489,Keyboard 3489,Home,1778.32,505,2023-01-06 10:43:38
3490,T-Shirt 3490,Electronics,1729.68,285,2022-09-22 16:39:20
3491,Keyboard 3491,Sports,1608.26,762,2022-05-17 07:04:02
3492,Sneakers 3492,Beauty,153.33,160,2022-06-06 10:06:15
3493,Notebook 3493,Sports,555.84,645,2022-10-06 20:02:09
3494,Notebook 3494,Beauty,1555.21,723,2021-06-03 14:50:55
3495,Backpack 3495,Electronics,869.59,954,2021-04-04 12:04:24
3496,Notebook 3496,Sports,384.85,571,2021-05-29 13:39:36
3497,Laptop 3497,Beauty,1256.43,251,2021-05-30 09:31:54
3498,Monitor 3498,Books,755.54,965,2021-11-26 08:26:50
3499,Sneakers 3499,Beauty,395.38,481,2021-06-10 22:12:30
3500,Monitor 3500,Home,1628.67,751,2022-05-08 20:28:08
3501,Coffee Maker 3501,Sports,267.92,650,2021-12-31 19:36:58
3502,Keyboard 3502,Books,1715.03,767,2022-07-21 11:30:13
3503,Sneakers 3503,Electronics,871.47,502,2021-01-20 01:33:07
3504,Notebook 3504,Books,421.05,182,2021-07-10 02:49:26
3505,Laptop 3505,Home,1377.52,628,2022-02-07 20:02:40
3506,Protein Bar 3506,Beauty,1169.88,653,2022-02-24 18:20:52
3507,Backpack 3507,Home,1063.27,977,2021-10-12 04:10:08
3508,Monitor 3508,Sports,1682.18,896,2021-08-14 21:47:46
3509,T-Shirt 3509,Beauty,972.69,815,2022-08-16 07:16:01
3510,Protein Bar 3510,Books,717.47,492,2022-08-10 17:31:27
3511,T-Shirt 3511,Electronics,441.77,986,2022-01-19 13:46:10
3512,T-Shirt 3512,Home,1938.88,333,2022-07-18 09:15:24
3513,Sneakers 3513,Beauty,852.61,180,2022-03-14 14:20:25
3514,Coffee Maker 3514,Sports,1322.92,355,2021-08-26 18:16:17
3515,Protein Bar 3515,Beauty,260.48,903,2022-05-23 21:37:38
3516,Coffee Maker 3516,Home,1204.11,703,2021-08-24 04:28:34
3517,Sneakers 3517,Electronics,585.41,519,2021-07-26 12:18:55
3518,Sneakers 3518,Home,126.3,790,2022-09-17 07:26:48
3519,Backpack 3519,Sports,1351.6,421,2021-09-16 12:04:49
3520,Protein Bar 3520,Home,853.27,266,2021-01-29 22:43:26
3521,Laptop 3521,Sports,973.58,224,2023-04-18 10:13:18
3522,Backpack 3522,Beauty,1637.96,315,2023-01-29 22:41:33
3523,Coffee Maker 3523,Home,446.51,896,2022-10-28 01:56:39
3524,Monitor 3524,Books,416.37,640,2022-02-28 12:45:45
3525,Keyboard 3525,Books,1223.45,132,2022-12-18 05:56:51
3526,Headphones 3526,Books,44.74,739,2021-12-03 13:20:06
3527,Laptop 3527,Home,185.05,721,2022-06-29 15:49:09
3528,Backpack 3528,Sports,1534.85,566,2021-03-16 18:26:11
3529,Keyboard 3529,Beauty,103.18,215,2022-11-25 00:16:52
3530,Backpack 3530,Books,400.89,160,2021-01-09 23:56:35
3531,Notebook 3531,Home,1720.15,234,2021-12-08 10:48:29
3532,T-Shirt 3532,Fashion,1821.75,339,2021-02-15 15:07:28
3533,Protein Bar 3533,Fashion,1108.14,254,2022-04-14 20:47:41
3534,Laptop 3534,Electronics,1691.74,773,2023-01-02 11:12:05
3535,Notebook 3535,Electronics,1005.49,810,2022-11-17 03:08:40
3536,Coffee Maker 3536,Electronics,318.11,308,2022-08-07 18:42:16
3537,Laptop 3537,Fashion,1264.95,704,2022-02-03 15:04:42
3538,Sneakers 3538,Electronics,548.55,126,2022-02-15 09:15:37
3539,Protein Bar 3539,Beauty,804.5,837,2021-04-23 02:20:11
3540,T-Shirt 3540,Electronics,157.67,516,2023-03-07 14:45:58
3541,Protein Bar 3541,Electronics,34.41,850,2022-03-01 23:39:06
3542,Notebook 3542,Books,1838.35,97,2022-12-08 05:33:31
3543,Headphones 3543,Home,392.6,620,2021-02-11 02:58:35
3544,T-Shirt 3544,Sports,853.18,761,2021-10-21 21:07:09
3545,Laptop 3545,Sports,551.73,207,2022-11-06 18:27:32
3546,Keyboard 3546,Sports,1938.68,590,2022-12-18 19:47:18
3547,Coffee Maker 3547,Home,586.02,95,2023-04-01 16:18:51
3548,Sneakers 3548,Home,1124.19,494,2021-11-30 00:26:09
3549,T-Shirt 3549,Beauty,1068.74,250,2023-04-04 07:41:13
3550,Protein Bar 3550,Electronics,1986.34,745,2023-04-29 16:40:21
3551,Protein Bar 3551,Sports,1526.59,731,2022-08-13 04:08:03
3552,Keyboard 3552,Home,452.0,998,2023-04-16 04:03:23
3553,Laptop 3553,Home,1543.56,457,2021-01-07 15:46:05
3554,Backpack 3554,Home,1128.49,658,2023-04-21 13:34:15
3555,T-Shirt 3555,Sports,291.82,645,2022-12-15 12:11:09
3556,Keyboard 3556,Electronics,1123.97,212,2021-12-02 06:39:10
3557,Coffee Maker 3557,Books,503.69,144,2021-03-10 14:05:14
3558,Protein Bar 3558,Books,1676.95,535,2022-06-30 07:15:55
3559,Headphones 3559,Fashion,122.57,505,2022-08-12 03:17:08
3560,T-Shirt 3560,Home,626.35,345,2021-07-01 18:34:59
3561,Monitor 3561,Electronics,646.28,578,2021-04-21 21:22:00
3562,Headphones 3562,Home,1743.5,274,2021-04-26 22:38:54
3563,Sneakers 3563,Books,1590.42,558,2021-09-03 00:34:24
3564,Coffee Maker 3564,Sports,1919.15,241,2022-07-24 20:16:37
3565,Backpack 3565,Home,1419.19,526,2021-08-15 09:33:12
3566,Notebook 3566,Beauty,1985.55,83,2022-05-03 03:22:52
3567,Keyboard 3567,Home,1400.01,384,2023-02-14 14:22:58
3568,Monitor 3568,Electronics,328.38,766,2023-05-23 23:20:30
3569,Keyboard 3569,Fashion,398.75,890,2023-05-27 15:07:55
3570,Keyboard 3570,Electronics,1771.58,507,2022-11-16 11:51:18
3571,Monitor 3571,Beauty,1607.29,498,2021-10-20 20:58:44
3572,Monitor 3572,Beauty,1749.06,428,2022-05-31 15:56:58
3573,Protein Bar 3573,Electronics,597.02,445,2022-10-12 01:55:44
3574,T-Shirt 3574,Beauty,1844.33,692,2021-11-28 21:04:53
3575,T-Shirt 3575,Books,648.16,910,2023-03-03 06:59:51
3576,Backpack 3576,Books,1302.19,144,2023-02-10 12:23:03
3577,T-Shirt 3577,Books,1371.62,822,2021-11-14 23:57:01
3578,Headphones 3578,Beauty,745.65,619,2022-10-28 19:36:08
3579,T-Shirt 3579,Home,928.45,958,2023-04-28 14:26:22
3580,Backpack 3580,Beauty,1441.66,872,2021-07-08 03:29:09
3581,Monitor 3581,Fashion,1051.14,849,2022-11-30 09:48:44
3582,Coffee Maker 3582,Electronics,638.79,183,2021-09-14 22:03:09
3583,Monitor 3583,Home,138.76,1000,2022-02-21 12:10:19
3584,Laptop 3584,Sports,1404.42,204,2022-06-12 22:26:57
3585,Keyboard 3585,Books,919.89,96,2023-03-26 14:49:31
3586,Laptop 3586,Books,940.04,160,2021-09-27 01:00:58
3587,Keyboard 3587,Sports,1274.51,904,2022-01-02 07:50:50
3588,Sneakers 3588,Sports,1259.5,950,2022-08-15 07:53:38
3589,Sneakers 3589,Sports,571.95,933,2022-02-04 19:02:55
3590,Protein Bar 3590,Books,1460.0,376,2021-09-22 06:14:14
3591,Headphones 3591,Home,1868.94,574,2022-07-07 08:05:25
3592,Notebook 3592,Beauty,1320.44,79,2021-06-05 15:38:00
3593,Headphones 3593,Fashion,210.44,221,2023-02-25 11:32:32
3594,T-Shirt 3594,Fashion,529.56,104,2023-01-13 06:56:59
3595,Monitor 3595,Books,1176.7,784,2021-05-11 20:10:56
3596,Protein Bar 3596,Sports,1153.43,873,2021-06-16 10:16:38
3597,Headphones 3597,Books,558.09,826,2023-01-05 05:52:27
3598,Headphones 3598,Beauty,1818.91,214,2022-02-23 06:45:48
3599,Monitor 3599,Electronics,1567.81,221,2022-07-10 14:04:00
3600,Keyboard 3600,Books,297.25,168,2022-03-23 14:38:42
3601,Coffee Maker 3601,Electronics,650.06,917,2021-11-09 04:04:14
3602,Laptop 3602,Fashion,1025.85,450,2021-08-06 08:35:40
3603,Protein Bar 3603,Beauty,946.02,309,2023-05-31 19:07:03
3604,Notebook 3604,Electronics,485.34,402,2022-04-24 07:19:13
3605,Protein Bar 3605,Home,1413.96,363,2021-01-14 08:52:34
3606,T-Shirt 3606,Books,637.36,80,2023-05-31 19:08:49
3607,Headphones 3607,Fashion,1910.94,968,2022-07-31 16:21:01
3608,T-Shirt 3608,Beauty,290.05,447,2022-12-23 04:02:46
3609,Notebook 3609,Home,982.74,807,2022-07-22 09:02:09
3610,T-Shirt 3610,Beauty,244.88,921,2023-02-15 21:25:57
3611,Protein Bar 3611,Beauty,699.62,25,2022-02-15 19:13:11
3612,Backpack 3612,Home,1542.64,354,2022-05-18 06:28:40
3613,Protein Bar 3613,Fashion,1235.86,897,2021-03-23 06:58:39
3614,Sneakers 3614,Home,751.54,955,2022-03-04 03:00:19
3615,Laptop 3615,Fashion,886.95,538,2021-09-21 00:31:03
3616,Sneakers 3616,Electronics,1174.45,336,2021-11-15 19:53:52
3617,Keyboard 3617,Sports,1832.04,514,2023-05-18 02:58:09
3618,Laptop 3618,Books,549.69,662,2023-01-12 19:00:59
3619,T-Shirt 3619,Beauty,960.08,44,2022-11-04 01:06:13
3620,T-Shirt 3620,Sports,1252.41,994,2023-02-27 15:47:46
3621,Headphones 3621,Electronics,1727.05,949,2022-01-18 00:27:32
3622,Coffee Maker 3622,Books,1266.32,502,2022-03-21 00:57:06
3623,Monitor 3623,Home,1501.12,663,2023-03-07 14:34:50
3624,Notebook 3624,Electronics,81.2,29,2022-07-12 05:11:41
3625,Headphones 3625,Beauty,310.62,753,2022-04-09 20:35:46
3626,Monitor 3626,Fashion,170.24,854,2023-03-10 00:09:21
3627,Keyboard 3627,Electronics,889.54,727,2023-01-21 08:59:23
3628,Laptop 3628,Sports,199.46,557,2021-01-16 09:39:25
3629,T-Shirt 3629,Fashion,1311.93,755,2022-10-31 14:53:25
3630,Laptop 3630,Sports,1675.36,868,2021-10-15 08:56:00
3631,Backpack 3631,Beauty,342.58,600,2023-01-15 22:58:44
3632,Backpack 3632,Books,33.27,680,2023-03-10 08:34:56
3633,Protein Bar 3633,Home,1676.24,685,2022-06-18 14:27:07
3634,Laptop 3634,Electronics,389.92,779,2022-01-22 12:24:16
3635,Notebook 3635,Fashion,1459.27,85,2022-10-22 12:07:13
3636,Monitor 3636,Home,93.79,623,2022-08-17 14:35:15
3637,Sneakers 3637,Beauty,1013.4,177,2021-12-28 23:58:27
3638,Laptop 3638,Sports,551.16,359,2022-08-29 12:20:38
3639,Keyboard 3639,Sports,935.17,856,2021-11-18 20:20:59
3640,Keyboard 3640,Books,1860.89,90,2022-09-05 19:29:35
3641,Keyboard 3641,Electronics,369.09,88,2021-11-06 16:29:57
3642,Monitor 3642,Sports,1184.34,988,2023-05-04 05:59:17
3643,Laptop 3643,Fashion,1578.53,222,2021-08-04 14:47:59
3644,Backpack 3644,Home,167.14,741,2021-12-07 07:56:31
3645,Sneakers 3645,Sports,1675.43,657,2022-07-02 16:05:21
3646,Sneakers 3646,Beauty,1512.89,135,2021-08-04 10:44:21
3647,T-Shirt 3647,Electronics,761.72,293,2022-03-07 03:51:55
3648,Monitor 3648,Sports,285.15,323,2022-11-12 20:17:59
3649,Protein Bar 3649,Fashion,1671.37,279,2021-11-03 12:25:46
3650,Sneakers 3650,Fashion,1958.66,265,2021-02-08 20:58:22
3651,Coffee Maker 3651,Sports,189.36,363,2023-02-13 06:14:29
3652,Headphones 3652,Sports,700.97,657,2022-05-06 22:10:50
3653,Notebook 3653,Home,1659.85,703,2021-01-28 18:47:08
3654,Monitor 3654,Electronics,1899.58,599,2022-07-16 19:51:30
3655,Protein Bar 3655,Fashion,1078.21,215,2021-03-30 17:27:19
3656,Protein Bar 3656,Sports,1293.79,698,2021-06-19 03:55:46
3657,T-Shirt 3657,Fashion,687.65,991,2022-08-28 00:44:34
3658,Notebook 3658,Books,1660.57,813,2022-04-29 10:40:10
3659,T-Shirt 3659,Electronics,1028.98,215,2022-12-18 03:12:31
3660,T-Shirt 3660,Fashion,938.04,32,2022-03-20 09:37:08
3661,Keyboard 3661,Books,1318.37,190,2022-12-05 06:51:42
3662,Coffee Maker 3662,Fashion,937.16,330,2021-09-22 13:36:54
3663,Backpack 3663,Books,758.93,602,2023-01-10 13:03:39
3664,Laptop 3664,Sports,1404.07,644,2022-07-21 02:00:02
3665,Backpack 3665,Electronics,321.71,486,2021-10-01 23:13:21
3666,Backpack 3666,Sports,1297.52,102,2022-04-30 19:02:39
3667,Monitor 3667,Sports,616.02,478,2022-05-23 14:49:06
3668,Notebook 3668,Fashion,1505.33,449,2021-12-07 01:30:25
3669,Headphones 3669,Home,1189.18,711,2023-04-29 12:25:14
3670,Protein Bar 3670,Beauty,801.67,854,2022-01-10 17:01:55
3671,Sneakers 3671,Sports,1448.13,615,2023-03-28 16:33:01
3672,Backpack 3672,Home,1358.72,307,2022-06-13 07:16:56
3673,Laptop 3673,Fashion,1527.53,922,2023-01-19 20:35:29
3674,Notebook 3674,Electronics,844.87,792,2022-06-17 09:06:58
3675,T-Shirt 3675,Books,804.5,29,2022-12-08 01:11:25
3676,Monitor 3676,Books,336.94,307,2021-03-14 22:58:36
3677,Headphones 3677,Beauty,1885.98,203,2021-08-18 04:38:42
3678,Headphones 3678,Fashion,264.13,341,2022-02-02 04:30:47
3679,Laptop 3679,Electronics,622.0,784,2021-05-29 19:47:34
3680,Monitor 3680,Sports,920.13,169,2021-03-18 18:10:02
3681,Coffee Maker 3681,Electronics,1318.92,205,2022-06-17 21:34:16
3682,Monitor 3682,Sports,618.52,189,2022-12-02 09:36:46
3683,Sneakers 3683,Fashion,875.92,741,2021-12-10 00:21:01
3684,Sneakers 3684,Fashion,1371.0,865,2021-09-01 13:12:10
3685,Backpack 3685,Electronics,957.3,352,2021-01-09 08:23:43
3686,Keyboard 3686,Home,1101.91,403,2022-09-08 01:32:07
3687,Sneakers 3687,Home,1338.53,851,2021-09-30 12:35:26
3688,Coffee Maker 3688,Beauty,489.27,938,2022-06-15 03:20:10
3689,Keyboard 3689,Home,261.36,781,2021-11-09 06:57:25
3690,Monitor 3690,Home,1547.65,919,2021-02-04 17:11:49
3691,T-Shirt 3691,Beauty,1462.09,434,2021-05-26 19:05:37
3692,Headphones 3692,Home,1070.56,355,2022-05-17 04:41:18
3693,Coffee Maker 3693,Beauty,1482.16,600,2023-04-15 12:10:16
3694,Laptop 3694,Fashion,1771.75,182,2021-07-25 17:59:31
3695,Sneakers 3695,Sports,727.75,513,2023-02-11 22:51:46
3696,Laptop 3696,Books,1200.34,407,2022-06-01 00:01:03
3697,Keyboard 3697,Beauty,464.0,511,2023-02-19 02:48:34
3698,Sneakers 3698,Electronics,426.41,445,2022-04-08 18:46:20
3699,Keyboard 3699,Sports,771.21,184,2023-03-24 21:26:41
3700,Protein Bar 3700,Fashion,573.5,396,2021-09-06 07:20:48
3701,Coffee Maker 3701,Electronics,525.73,977,2023-01-04 18:05:53
3702,Protein Bar 3702,Fashion,331.27,698,2021-11-14 09:21:37
3703,Notebook 3703,Electronics,932.52,84,2023-03-26 08:07:39
3704,Backpack 3704,Beauty,1466.68,671,2021-11-23 15:43:26
3705,Protein Bar 3705,Electronics,325.96,131,2022-08-02 11:04:43
3706,Headphones 3706,Books,771.06,465,2021-09-02 10:14:13
3707,Laptop 3707,Home,1309.37,686,2022-03-31 10:41:45
3708,Protein Bar 3708,Home,1543.86,310,2023-02-21 09:19:26
3709,Protein Bar 3709,Sports,1485.42,118,2022-04-17 10:46:30
3710,Headphones 3710,Home,1006.61,799,2021-10-29 18:32:49
3711,Coffee Maker 3711,Beauty,673.45,547,2021-01-15 06:58:10
3712,Backpack 3712,Electronics,1572.06,434,2023-03-19 14:12:02
3713,Notebook 3713,Home,1741.28,81,2021-08-27 18:43:02
3714,Monitor 3714,Electronics,677.55,956,2021-02-24 05:34:41
3715,Headphones 3715,Sports,399.24,832,2023-04-13 16:07:56
3716,Headphones 3716,Beauty,1745.05,445,2022-07-29 23:54:49
3717,Laptop 3717,Home,567.02,124,2022-11-02 15:51:16
3718,Coffee Maker 3718,Home,737.37,910,2021-03-13 18:36:47
3719,Headphones 3719,Beauty,741.75,435,2021-09-26 19:31:08
3720,Backpack 3720,Beauty,595.81,838,2022-11-20 12:43:27
3721,Laptop 3721,Books,538.13,300,2023-04-28 21:35:18
3722,Backpack 3722,Home,39.95,332,2022-07-19 02:19:50
3723,T-Shirt 3723,Beauty,76.05,114,2021-03-27 22:23:01
3724,Backpack 3724,Beauty,78.04,756,2021-09-27 04:41:29
3725,Protein Bar 3725,Fashion,354.59,547,2021-07-18 16:10:42
3726,Keyboard 3726,Fashion,1454.94,648,2022-07-15 18:46:19
3727,Coffee Maker 3727,Home,1785.97,353,2021-03-22 02:52:19
3728,Coffee Maker 3728,Beauty,1236.4,940,2021-02-20 17:03:50
3729,Notebook 3729,Books,919.55,78,2022-11-29 12:15:41
3730,Backpack 3730,Sports,81.38,623,2022-04-05 21:24:04
3731,Keyboard 3731,Home,1027.7,742,2021-05-30 22:48:30
3732,Keyboard 3732,Sports,1855.24,767,2021-09-21 07:34:58
3733,T-Shirt 3733,Home,804.48,188,2022-12-12 21:56:41
3734,T-Shirt 3734,Beauty,1307.53,904,2023-02-19 13:35:08
3735,Keyboard 3735,Home,1930.49,812,2022-02-01 16:57:31
3736,Sneakers 3736,Books,525.65,310,2022-02-22 12:16:34
3737,Headphones 3737,Books,1080.62,812,2022-10-08 17:10:02
3738,Sneakers 3738,Beauty,1598.91,383,2021-10-20 12:04:12
3739,Headphones 3739,Home,434.34,957,2022-07-25 21:04:01
3740,Protein Bar 3740,Sports,1495.01,796,2022-09-25 15:56:30
3741,Monitor 3741,Sports,1005.62,46,2022-04-19 11:12:53
3742,Headphones 3742,Home,1819.94,694,2022-03-31 18:01:54
3743,T-Shirt 3743,Sports,15.08,212,2023-04-09 15:01:53
3744,Laptop 3744,Home,1316.14,281,2023-01-27 19:03:41
3745,T-Shirt 3745,Home,1200.16,999,2021-09-28 21:20:26
3746,Backpack 3746,Electronics,446.54,18,2021-10-21 12:51:34
3747,Backpack 3747,Fashion,132.13,294,2023-03-25 10:18:25
3748,Headphones 3748,Home,1177.89,650,2021-08-09 15:22:04
3749,Headphones 3749,Sports,1085.21,487,2021-05-11 17:54:53
3750,Notebook 3750,Electronics,689.19,327,2023-05-17 07:11:49
3751,Backpack 3751,Home,307.8,874,2022-09-02 12:25:51
3752,Coffee Maker 3752,Fashion,1066.82,174,2023-01-13 20:47:28
3753,Protein Bar 3753,Sports,808.86,676,2022-06-06 09:20:16
3754,Headphones 3754,Electronics,1264.61,574,2021-01-05 07:19:13
3755,Backpack 3755,Electronics,419.06,542,2021-11-01 17:44:17
3756,Backpack 3756,Sports,587.19,322,2023-04-10 22:29:01
3757,Coffee Maker 3757,Beauty,937.42,159,2021-11-10 19:54:00
3758,Headphones 3758,Books,337.63,360,2021-11-28 16:59:16
3759,Headphones 3759,Home,833.71,783,2023-01-27 15:50:18
3760,Laptop 3760,Sports,1115.1,502,2022-11-23 11:13:27
3761,Sneakers 3761,Home,1842.75,134,2022-05-16 15:18:41
3762,Protein Bar 3762,Books,1897.89,126,2022-06-26 05:38:17
3763,Keyboard 3763,Home,440.52,113,2022-10-13 23:33:08
3764,Headphones 3764,Sports,361.35,162,2021-02-23 07:35:00
3765,Protein Bar 3765,Books,819.99,769,2021-07-31 18:14:22
3766,Sneakers 3766,Home,1801.42,285,2022-05-13 06:56:15
3767,Backpack 3767,Sports,1262.4,680,2021-12-22 21:16:07
3768,Backpack 3768,Books,1073.58,401,2022-04-25 11:16:29
3769,Sneakers 3769,Home,992.19,475,2021-07-18 13:01:57
3770,T-Shirt 3770,Home,318.15,894,2021-05-04 13:08:35
3771,Monitor 3771,Home,580.37,545,2022-02-17 07:00:28
3772,Backpack 3772,Home,1314.1,699,2022-01-03 00:59:48
3773,Keyboard 3773,Home,1162.41,428,2021-08-11 15:11:55
3774,Protein Bar 3774,Home,381.81,29,2021-06-29 18:47:36
3775,Headphones 3775,Fashion,281.45,634,2021-08-28 01:35:50
3776,Notebook 3776,Electronics,1201.14,749,2021-11-10 00:23:57
3777,Protein Bar 3777,Electronics,653.42,255,2022-09-13 09:58:21
3778,Monitor 3778,Books,1252.86,700,2023-05-17 16:33:32
3779,Keyboard 3779,Sports,50.33,615,2021-08-22 17:10:13
3780,Protein Bar 3780,Books,1025.11,197,2023-04-02 16:38:24
3781,Monitor 3781,Home,741.28,895,2021-02-20 12:13:25
3782,Sneakers 3782,Fashion,946.98,729,2022-06-25 10:58:43
3783,Sneakers 3783,Sports,269.64,66,2021-01-22 01:19:52
3784,Laptop 3784,Fashion,1157.32,470,2021-09-23 19:29:05
3785,Sneakers 3785,Beauty,1208.48,247,2021-06-25 07:47:36
3786,Monitor 3786,Home,1002.93,113,2021-03-20 09:34:04
3787,Headphones 3787,Sports,1744.81,930,2022-02-05 10:44:29
3788,Monitor 3788,Fashion,927.11,985,2021-07-31 05:10:54
3789,Keyboard 3789,Electronics,1498.47,698,2022-03-12 21:19:33
3790,Protein Bar 3790,Books,1991.09,882,2022-03-12 18:37:49
3791,Protein Bar 3791,Electronics,1567.17,980,2021-03-07 03:31:10
3792,T-Shirt 3792,Beauty,1077.0,732,2022-09-06 06:01:40
3793,Headphones 3793,Beauty,1978.47,731,2022-01-24 18:56:11
3794,Laptop 3794,Home,964.21,743,2021-12-01 21:42:55
3795,Laptop 3795,Sports,1624.27,848,2021-08-17 03:41:25
3796,Laptop 3796,Sports,801.86,949,2023-05-16 11:07:04
3797,Notebook 3797,Beauty,1301.01,438,2021-01-31 10:46:25
3798,Keyboard 3798,Electronics,296.24,268,2022-06-01 00:24:33
3799,Headphones 3799,Electronics,1445.38,375,2022-10-03 21:57:46
3800,Protein Bar 3800,Beauty,682.97,934,2022-01-16 05:03:56
3801,Sneakers 3801,Home,424.12,99,2021-04-27 20:50:06
3802,Backpack 3802,Beauty,1388.96,469,2021-01-12 18:09:12
3803,Coffee Maker 3803,Fashion,1515.18,350,2023-03-03 06:28:26
3804,T-Shirt 3804,Beauty,892.12,806,2021-03-05 22:41:47
3805,Coffee Maker 3805,Beauty,519.55,281,2021-01-04 19:15:39
3806,Headphones 3806,Electronics,1523.84,151,2021-07-04 22:53:34
3807,Notebook 3807,Sports,56.75,901,2023-05-20 10:53:17
3808,Backpack 3808,Books,728.63,298,2022-08-09 13:47:47
3809,T-Shirt 3809,Beauty,320.81,649,2022-11-14 01:43:46
3810,T-Shirt 3810,Home,1427.59,689,2021-04-26 16:32:48
3811,T-Shirt 3811,Fashion,1488.75,711,2021-08-03 15:47:38
3812,Monitor 3812,Fashion,1216.86,879,2022-11-16 07:37:17
3813,Protein Bar 3813,Sports,1275.34,28,2021-05-17 01:02:59
3814,Sneakers 3814,Books,609.4,598,2022-02-01 01:51:38
3815,Laptop 3815,Sports,731.5,520,2022-03-03 15:56:04
3816,Notebook 3816,Home,956.56,921,2022-05-15 07:26:14
3817,Monitor 3817,Sports,1289.48,601,2021-04-01 03:04:53
3818,Notebook 3818,Sports,1049.06,387,2022-05-16 14:24:28
3819,Coffee Maker 3819,Beauty,342.4,537,2021-03-07 20:50:57
3820,Coffee Maker 3820,Fashion,970.58,388,2021-12-27 08:42:22
3821,Laptop 3821,Beauty,1894.16,350,2021-06-01 22:16:44
3822,Sneakers 3822,Sports,416.83,153,2021-01-22 16:20:27
3823,T-Shirt 3823,Books,1557.14,808,2023-05-30 00:42:53
3824,Keyboard 3824,Beauty,397.9,510,2023-01-15 22:46:50
3825,Coffee Maker 3825,Books,1825.84,928,2023-01-21 14:57:41
3826,Laptop 3826,Beauty,1692.26,801,2021-03-26 18:39:11
3827,Notebook 3827,Fashion,1484.05,372,2021-11-12 10:31:41
3828,Laptop 3828,Home,1254.67,974,2021-05-20 21:38:58
3829,Backpack 3829,Books,139.06,566,2022-03-11 21:26:13
3830,Notebook 3830,Beauty,1077.77,81,2023-05-04 12:19:52
3831,Laptop 3831,Home,1135.57,253,2022-05-01 17:28:59
3832,Sneakers 3832,Sports,1595.55,187,2023-05-16 13:45:38
3833,Sneakers 3833,Fashion,1380.83,467,2021-05-31 03:14:02
3834,Monitor 3834,Electronics,1958.86,272,2021-07-11 06:29:38
3835,Notebook 3835,Sports,187.26,194,2022-03-12 06:40:06
3836,Keyboard 3836,Fashion,1047.5,62,2021-07-30 19:10:37
3837,Sneakers 3837,Fashion,491.66,779,2021-09-07 16:23:11
3838,Headphones 3838,Home,931.22,549,2021-08-25 01:39:51
3839,Laptop 3839,Sports,1581.08,74,2021-02-18 13:47:34
3840,Sneakers 3840,Home,237.23,85,2022-06-06 21:50:55
3841,Coffee Maker 3841,Fashion,204.25,603,2023-03-02 22:44:16
3842,Sneakers 3842,Books,977.03,582,2023-02-06 00:08:34
3843,Laptop 3843,Books,862.36,926,2021-09-09 01:24:19
3844,Keyboard 3844,Beauty,1773.6,796,2022-11-03 07:18:20
3845,Sneakers 3845,Books,1612.5,629,2022-07-15 13:26:07
3846,Coffee Maker 3846,Electronics,507.24,416,2022-10-18 13:14:51
3847,Headphones 3847,Sports,987.75,180,2021-12-12 02:17:33
3848,Backpack 3848,Books,969.14,290,2023-02-12 01:45:37
3849,T-Shirt 3849,Sports,1735.19,254,2021-12-01 00:57:52
3850,Backpack 3850,Sports,1357.3,515,2022-05-22 01:11:51
3851,T-Shirt 3851,Beauty,882.89,1000,2022-01-14 20:44:49
3852,Monitor 3852,Home,18.0,914,2022-11-07 19:32:01
3853,Notebook 3853,Home,994.1,183,2022-08-03 03:02:34
3854,Keyboard 3854,Home,1347.59,96,2022-08-16 05:24:38
3855,Coffee Maker 3855,Sports,1277.58,551,2022-07-23 03:08:57
3856,Monitor 3856,Fashion,1558.69,781,2022-06-01 19:09:26
3857,Sneakers 3857,Fashion,617.86,312,2022-12-08 13:12:53
3858,Backpack 3858,Books,946.39,701,2023-01-13 12:06:32
3859,T-Shirt 3859,Books,424.53,688,2021-03-09 08:21:59
3860,Monitor 3860,Sports,316.99,784,2022-11-30 08:45:58
3861,Protein Bar 3861,Fashion,1705.45,624,2021-02-19 04:39:02
3862,Monitor 3862,Sports,1913.63,485,2022-03-27 12:32:45
3863,Headphones 3863,Home,1560.61,275,2023-05-20 01:09:18
3864,Sneakers 3864,Sports,946.6,876,2021-08-24 20:20:39
3865,T-Shirt 3865,Sports,294.25,341,2022-03-20 04:56:07
3866,Backpack 3866,Beauty,634.12,315,2022-12-27 23:41:53
3867,Protein Bar 3867,Books,790.12,427,2021-08-07 10:26:18
3868,Laptop 3868,Home,115.34,418,2022-04-18 21:00:20
3869,Backpack 3869,Beauty,1611.71,998,2021-03-24 12:27:17
3870,Coffee Maker 3870,Sports,43.86,721,2021-01-16 04:17:30
3871,Sneakers 3871,Fashion,1325.8,262,2023-03-27 09:33:43
3872,T-Shirt 3872,Sports,52.24,437,2022-08-27 11:36:38
3873,Protein Bar 3873,Sports,1118.35,756,2021-12-06 06:04:46
3874,Sneakers 3874,Fashion,1237.02,450,2023-01-25 10:08:41
3875,T-Shirt 3875,Electronics,153.48,164,2021-04-13 09:39:30
3876,Backpack 3876,Beauty,961.97,738,2021-12-28 13:02:39
3877,Headphones 3877,Home,1904.33,969,2023-05-30 14:04:37
3878,Laptop 3878,Beauty,783.18,982,2023-02-15 05:55:10
3879,Coffee Maker 3879,Fashion,563.88,621,2021-01-14 01:04:55
3880,Headphones 3880,Home,123.34,57,2022-11-30 23:37:09
3881,Backpack 3881,Sports,1078.1,448,2021-02-18 13:58:54
3882,T-Shirt 3882,Electronics,946.32,901,2023-05-23 03:43:08
3883,Keyboard 3883,Sports,1954.47,750,2021-09-18 14:33:09
3884,Protein Bar 3884,Fashion,1748.53,603,2022-05-01 13:03:02
3885,T-Shirt 3885,Books,403.99,90,2022-04-17 05:26:52
3886,Coffee Maker 3886,Fashion,659.05,559,2021-03-09 01:38:10
3887,T-Shirt 3887,Books,1064.4,298,2021-08-18 07:18:39
3888,Laptop 3888,Fashion,1545.34,69,2021-07-22 23:49:06
3889,Backpack 3889,Sports,1810.68,456,2022-09-13 17:44:20
3890,Sneakers 3890,Fashion,645.93,233,2022-04-15 23:47:14
3891,Coffee Maker 3891,Sports,669.36,693,2022-03-16 11:57:40
3892,T-Shirt 3892,Sports,1209.22,955,2023-05-10 09:48:43
3893,Laptop 3893,Fashion,242.78,420,2023-03-15 10:52:10
3894,Protein Bar 3894,Home,1613.1,817,2021-03-03 12:45:23
3895,Laptop 3895,Books,125.27,524,2023-05-26 21:51:33
3896,Backpack 3896,Electronics,1133.6,32,2021-09-25 12:13:50
3897,Notebook 3897,Sports,1581.32,503,2021-04-08 06:34:00
3898,T-Shirt 3898,Books,670.84,68,2022-03-23 08:16:46
3899,Keyboard 3899,Books,188.83,571,2023-05-11 06:47:17
3900,Keyboard 3900,Books,320.66,525,2023-04-07 13:15:51
3901,Keyboard 3901,Books,1845.38,624,2022-11-23 19:06:35
3902,Sneakers 3902,Electronics,1535.39,441,2021-12-23 09:22:01
3903,T-Shirt 3903,Home,905.32,901,2023-05-12 16:33:08
3904,Monitor 3904,Beauty,664.21,186,2022-09-17 11:42:28
3905,Headphones 3905,Sports,910.82,799,2022-03-02 13:02:41
3906,Protein Bar 3906,Electronics,805.92,300,2023-01-13 11:51:54
3907,Laptop 3907,Books,1657.3,19,2021-02-11 21:24:20
3908,Laptop 3908,Fashion,648.16,154,2021-01-01 08:47:01
3909,T-Shirt 3909,Fashion,1170.83,786,2022-06-23 13:11:21
3910,Backpack 3910,Books,918.22,681,2022-02-21 07:25:45
3911,Sneakers 3911,Books,1851.09,914,2021-01-30 09:52:53
3912,Headphones 3912,Fashion,381.75,151,2023-01-06 07:33:14
3913,Sneakers 3913,Sports,367.27,26,2021-05-17 06:59:41
3914,Notebook 3914,Books,1889.27,40,2023-04-22 13:55:55
3915,Monitor 3915,Books,700.3,70,2022-01-07 21:42:48
3916,Backpack 3916,Sports,1857.29,673,2023-03-29 02:39:25
3917,Sneakers 3917,Fashion,609.34,434,2021-07-29 14:24:25
3918,T-Shirt 3918,Fashion,1872.92,222,2021-11-24 19:26:47
3919,Backpack 3919,Electronics,278.94,920,2021-08-20 17:37:47
3920,Coffee Maker 3920,Electronics,1669.14,384,2022-08-14 04:51:40
3921,Laptop 3921,Home,1735.73,874,2022-09-16 13:22:07
3922,Sneakers 3922,Home,103.18,449,2022-10-01 17:46:20
3923,Protein Bar 3923,Fashion,415.24,389,2023-04-07 15:45:25
3924,Headphones 3924,Electronics,190.24,179,2022-02-14 00:48:19
3925,Notebook 3925,Books,1450.41,124,2021-12-19 02:45:42
3926,Monitor 3926,Fashion,245.11,500,2023-01-02 20:12:03
3927,Headphones 3927,Sports,1500.62,324,2022-03-01 02:47:28
3928,Protein Bar 3928,Fashion,424.6,92,2021-07-14 22:27:14
3929,Notebook 3929,Sports,958.57,520,2023-05-04 17:53:38
3930,Keyboard 3930,Home,37.21,389,2021-09-26 14:20:19
3931,Protein Bar 3931,Home,1923.33,102,2021-04-10 17:01:50
3932,Backpack 3932,Sports,1891.73,856,2022-03-27 18:55:40
3933,Keyboard 3933,Home,1892.15,667,2021-05-19 11:20:43
3934,T-Shirt 3934,Fashion,1999.41,86,2022-04-22 10:24:12
3935,Protein Bar 3935,Home,36.62,987,2022-02-25 13:35:17
3936,T-Shirt 3936,Beauty,1296.48,331,2022-01-23 01:56:50
3937,Laptop 3937,Fashion,1695.59,181,2022-07-25 23:55:20
3938,Headphones 3938,Electronics,260.26,159,2022-11-12 04:48:23
3939,Monitor 3939,Beauty,942.28,39,2023-01-31 21:08:54
3940,Laptop 3940,Books,1605.75,887,2022-03-16 02:48:33
3941,T-Shirt 3941,Sports,1237.02,843,2021-04-03 23:43:56
3942,Monitor 3942,Home,348.98,958,2023-04-27 16:46:17
3943,Notebook 3943,Fashion,1485.22,829,2022-02-08 15:55:11
3944,Monitor 3944,Sports,1758.76,112,2022-12-10 15:00:53
3945,Monitor 3945,Electronics,997.62,313,2021-07-03 15:42:19
3946,Protein Bar 3946,Beauty,749.5,861,2021-07-21 09:34:55
3947,T-Shirt 3947,Books,645.54,802,2022-08-29 03:29:19
3948,Laptop 3948,Sports,61.85,481,2021-10-11 06:59:25
3949,Laptop 3949,Beauty,1744.7,935,2021-02-07 06:16:13
3950,Protein Bar 3950,Electronics,1081.25,780,2022-07-29 22:24:23
3951,Headphones 3951,Beauty,1052.78,161,2021-06-21 01:12:04
3952,Keyboard 3952,Electronics,700.59,228,2022-05-27 13:44:41
3953,Keyboard 3953,Home,1976.44,115,2022-01-27 02:20:01
3954,Coffee Maker 3954,Home,1966.82,876,2021-06-29 17:14:05
3955,Notebook 3955,Home,273.14,617,2021-02-12 14:28:23
3956,Laptop 3956,Sports,955.11,921,2023-04-11 06:12:23
3957,T-Shirt 3957,Fashion,649.14,552,2021-05-22 10:45:51
3958,Backpack 3958,Books,1338.52,98,2023-04-15 23:49:38
3959,Coffee Maker 3959,Home,1498.69,872,2021-07-10 12:04:43
3960,Headphones 3960,Fashion,256.04,527,2021-04-15 16:11:05
3961,Monitor 3961,Fashion,454.98,84,2023-05-03 13:49:33
3962,Keyboard 3962,Beauty,810.66,908,2021-03-27 16:27:15
3963,Headphones 3963,Electronics,503.31,256,2023-05-02 10:50:36
3964,Monitor 3964,Beauty,1320.44,336,2023-01-31 20:41:52
3965,Coffee Maker 3965,Beauty,1183.62,529,2022-05-17 16:24:37
3966,Headphones 3966,Sports,1520.99,134,2021-08-04 06:40:12
3967,Backpack 3967,Home,752.67,148,2022-07-24 05:06:50
3968,Headphones 3968,Beauty,1869.58,35,2021-11-26 06:01:51
3969,Protein Bar 3969,Beauty,100.8,202,2022-04-27 13:45:27
3970,Monitor 3970,Electronics,290.19,34,2023-03-05 22:31:35
3971,Sneakers 3971,Fashion,796.54,11,2021-02-09 15:27:46
3972,Headphones 3972,Home,970.27,352,2022-11-04 18:29:06
3973,Sneakers 3973,Beauty,1739.7,994,2022-10-13 18:29:35
3974,Headphones 3974,Home,906.95,219,2022-02-03 08:28:57
3975,Coffee Maker 3975,Books,529.3,450,2022-09-01 19:25:53
3976,Keyboard 3976,Beauty,562.21,786,2021-11-17 10:40:17
3977,Notebook 3977,Sports,677.82,913,2022-01-31 12:52:04
3978,Monitor 3978,Sports,685.26,892,2022-03-12 21:15:34
3979,Coffee Maker 3979,Books,915.35,98,2021-10-15 02:21:47
3980,Backpack 3980,Books,529.41,800,2021-03-18 17:59:55
3981,Backpack 3981,Home,1286.37,987,2023-03-17 19:47:52
3982,Notebook 3982,Fashion,193.69,998,2021-08-27 14:55:06
3983,Coffee Maker 3983,Electronics,244.95,729,2022-12-19 04:44:55
3984,T-Shirt 3984,Fashion,1747.25,314,2022-05-12 22:07:53
3985,Coffee Maker 3985,Home,1108.83,962,2022-03-03 04:47:38
3986,Keyboard 3986,Books,369.31,839,2021-07-21 19:52:40
3987,Notebook 3987,Fashion,287.71,696,2021-06-09 14:18:46
3988,Sneakers 3988,Electronics,401.36,762,2021-06-27 16:16:16
3989,Backpack 3989,Books,1203.87,155,2022-06-13 06:19:13
3990,Headphones 3990,Books,1052.47,819,2022-04-08 06:17:40
3991,Notebook 3991,Sports,1081.22,710,2022-01-03 02:07:37
3992,Notebook 3992,Fashion,752.07,102,2021-06-03 07:33:22
3993,Monitor 3993,Beauty,1270.45,633,2022-10-13 18:55:47
3994,Sneakers 3994,Beauty,308.34,964,2023-02-15 18:31:54
3995,Headphones 3995,Home,1717.3,285,2021-11-21 10:10:21
3996,Laptop 3996,Home,596.51,922,2021-01-22 20:05:22
3997,Notebook 3997,Home,1788.02,479,2021-08-11 08:11:35
3998,Backpack 3998,Fashion,1444.49,307,2022-02-06 11:44:56
3999,Laptop 3999,Electronics,506.4,569,2022-01-09 19:02:31
4000,T-Shirt 4000,Fashion,1846.49,627,2022-03-08 02:21:18
4001,Headphones 4001,Electronics,123.15,420,2022-04-09 02:13:05
4002,Monitor 4002,Fashion,964.46,164,2023-02-21 16:59:16
4003,Sneakers 4003,Home,1573.69,661,2021-09-25 15:25:43
4004,Protein Bar 4004,Home,1184.88,254,2023-03-15 23:10:56
4005,Backpack 4005,Electronics,456.48,971,2022-12-08 08:14:07
4006,T-Shirt 4006,Fashion,1785.81,126,2021-12-16 08:09:18
4007,Headphones 4007,Beauty,307.93,454,2022-05-27 04:47:33
4008,Monitor 4008,Beauty,554.56,335,2021-01-19 09:45:26
4009,Laptop 4009,Beauty,239.0,318,2022-11-06 14:42:23
4010,Notebook 4010,Electronics,1544.46,612,2021-01-09 22:20:17
4011,Coffee Maker 4011,Fashion,1322.54,305,2021-08-29 18:51:14
4012,Keyboard 4012,Books,1487.11,465,2022-12-03 11:50:23
4013,Monitor 4013,Electronics,1761.05,772,2022-02-26 06:31:45
4014,Backpack 4014,Sports,1899.23,41,2021-06-29 04:57:19
4015,Protein Bar 4015,Sports,230.11,477,2022-07-12 11:00:57
4016,Protein Bar 4016,Books,341.07,726,2023-03-12 12:07:13
4017,Coffee Maker 4017,Sports,453.14,105,2022-10-02 20:50:55
4018,Keyboard 4018,Beauty,1208.62,613,2022-05-20 14:24:16
4019,Backpack 4019,Fashion,1739.38,680,2021-03-18 15:01:39
4020,Coffee Maker 4020,Beauty,1926.67,431,2021-03-18 03:59:25
4021,Laptop 4021,Beauty,214.85,788,2023-01-22 01:46:32
4022,T-Shirt 4022,Beauty,1466.22,926,2022-03-21 21:33:03
4023,T-Shirt 4023,Beauty,1018.11,429,2021-09-29 03:32:09
4024,T-Shirt 4024,Sports,170.77,103,2022-06-17 14:25:59
4025,Coffee Maker 4025,Fashion,1173.64,226,2022-09-14 13:07:38
4026,Headphones 4026,Home,1332.93,106,2023-01-29 11:07:51
4027,Coffee Maker 4027,Books,1215.25,579,2021-11-07 01:19:38
4028,Protein Bar 4028,Books,1040.34,947,2021-11-07 18:30:08
4029,Protein Bar 4029,Electronics,1205.32,604,2021-07-22 18:24:13
4030,Keyboard 4030,Books,194.35,989,2023-03-31 11:13:38
4031,Sneakers 4031,Sports,1162.34,726,2021-10-30 23:08:04
4032,Headphones 4032,Home,1631.49,735,2023-05-29 23:43:53
4033,Laptop 4033,Sports,1295.94,450,2022-07-16 15:04:53
4034,Coffee Maker 4034,Books,1727.51,38,2022-06-02 14:49:52
4035,Protein Bar 4035,Beauty,1490.05,442,2021-08-27 12:15:53
4036,Laptop 4036,Fashion,1136.03,24,2022-11-07 08:29:48
4037,Backpack 4037,Electronics,588.09,422,2021-05-05 22:43:21
4038,Laptop 4038,Beauty,915.96,912,2022-08-22 23:07:45
4039,T-Shirt 4039,Sports,1637.65,352,2021-10-08 03:04:41
4040,Backpack 4040,Fashion,556.88,802,2022-07-18 22:00:39
4041,Laptop 4041,Sports,919.12,650,2022-05-31 19:24:26
4042,T-Shirt 4042,Fashion,422.72,789,2021-05-05 16:30:00
4043,Notebook 4043,Beauty,647.15,410,2022-04-09 10:02:07
4044,Backpack 4044,Fashion,1690.22,877,2022-04-23 20:31:12
4045,Keyboard 4045,Sports,706.85,551,2021-01-24 03:12:27
4046,Sneakers 4046,Sports,1658.22,103,2022-10-20 14:56:49
4047,Keyboard 4047,Beauty,815.1,636,2021-01-16 19:00:50
4048,Coffee Maker 4048,Beauty,376.45,391,2021-12-03 02:03:18
4049,Sneakers 4049,Sports,1712.67,497,2021-08-14 05:11:54
4050,Backpack 4050,Sports,1612.77,917,2021-04-22 23:20:52
4051,Backpack 4051,Fashion,1918.82,330,2022-06-26 16:59:44
4052,Laptop 4052,Electronics,383.63,317,2022-02-10 10:02:52
4053,Notebook 4053,Beauty,1286.4,303,2021-06-04 04:58:31
4054,Notebook 4054,Books,359.93,633,2023-05-31 04:06:09
4055,Keyboard 4055,Fashion,191.26,728,2023-01-20 06:06:42
4056,Headphones 4056,Beauty,812.25,269,2023-03-03 02:07:13
4057,Monitor 4057,Beauty,683.63,362,2022-01-04 17:08:18
4058,Protein Bar 4058,Fashion,1842.91,106,2022-06-26 02:29:08
4059,T-Shirt 4059,Books,1142.36,84,2023-02-24 12:11:47
4060,Backpack 4060,Fashion,887.86,41,2021-10-10 11:11:06
4061,Sneakers 4061,Books,314.25,280,2021-01-21 03:11:55
4062,Laptop 4062,Home,452.81,711,2021-03-20 21:27:53
4063,Sneakers 4063,Fashion,1750.9,450,2023-05-23 10:28:09
4064,Sneakers 4064,Fashion,29.77,249,2021-03-26 10:00:11
4065,Laptop 4065,Books,969.13,449,2022-05-26 08:23:02
4066,Protein Bar 4066,Books,1104.7,581,2023-01-01 10:55:57
4067,Sneakers 4067,Home,376.19,531,2022-06-02 12:07:44
4068,Headphones 4068,Home,1256.37,909,2022-06-06 08:50:47
4069,Protein Bar 4069,Beauty,526.68,815,2022-06-02 09:06:42
4070,Backpack 4070,Sports,865.47,373,2022-04-26 15:01:52
4071,Sneakers 4071,Sports,1083.04,78,2023-02-22 13:50:09
4072,Monitor 4072,Sports,1720.59,719,2023-01-07 11:49:01
4073,Sneakers 4073,Books,1160.02,98,2021-05-29 00:52:18
4074,Notebook 4074,Beauty,954.1,321,2023-01-17 14:19:29
4075,Keyboard 4075,Books,459.51,356,2021-02-28 06:13:45
4076,Notebook 4076,Fashion,933.25,588,2021-10-14 00:27:37
4077,Laptop 4077,Home,1239.52,509,2021-04-07 05:18:39
4078,Headphones 4078,Home,133.99,175,2021-11-27 04:07:49
4079,Laptop 4079,Books,899.69,665,2021-07-10 09:34:27
4080,Laptop 4080,Sports,955.87,723,2023-01-18 14:16:13
4081,Monitor 4081,Electronics,1365.6,66,2022-04-30 17:14:55
4082,T-Shirt 4082,Books,507.76,918,2023-03-24 06:24:49
4083,Laptop 4083,Beauty,1197.49,441,2021-08-09 14:39:23
4084,Monitor 4084,Home,434.33,462,2021-02-17 18:22:43
4085,T-Shirt 4085,Books,1395.93,311,2021-08-10 21:05:45
4086,Backpack 4086,Fashion,1141.87,896,2022-07-10 09:34:38
4087,Notebook 4087,Home,292.74,552,2022-01-31 22:43:05
4088,Headphones 4088,Sports,1726.15,994,2022-12-05 14:21:55
4089,Headphones 4089,Electronics,1425.67,366,2022-07-07 19:01:52
4090,Headphones 4090,Electronics,1550.37,72,2021-10-29 15:41:40
4091,Headphones 4091,Electronics,1061.9,747,2022-10-08 15:46:38
4092,Monitor 4092,Beauty,393.26,615,2023-01-24 12:57:03
4093,Monitor 4093,Fashion,63.83,951,2021-03-20 00:33:44
4094,Coffee Maker 4094,Beauty,243.4,91,2021-05-29 07:11:16
4095,Keyboard 4095,Home,1150.14,971,2023-05-14 01:18:27
4096,Protein Bar 4096,Home,765.67,485,2021-03-15 00:01:54
4097,Monitor 4097,Sports,370.06,318,2022-05-05 03:54:59
4098,Backpack 4098,Fashion,1415.99,900,2021-08-03 00:55:55
4099,T-Shirt 4099,Home,186.02,266,2021-11-16 09:34:15
4100,Protein Bar 4100,Fashion,457.15,662,2021-01-30 06:50:05
4101,Keyboard 4101,Sports,906.2,96,2022-01-21 16:32:27
4102,Notebook 4102,Sports,45.7,620,2021-03-10 03:09:12
4103,Laptop 4103,Books,123.0,382,2021-06-12 20:05:26
4104,Keyboard 4104,Fashion,8.45,541,2021-04-08 10:41:06
4105,Laptop 4105,Electronics,657.09,313,2022-04-28 13:46:20
4106,Laptop 4106,Books,1128.91,879,2022-03-04 21:13:15
4107,Keyboard 4107,Fashion,381.02,635,2021-12-20 09:41:16
4108,Coffee Maker 4108,Fashion,1072.75,999,2022-10-25 08:53:58
4109,Backpack 4109,Electronics,1744.83,934,2021-01-14 02:57:34
4110,Monitor 4110,Books,751.47,181,2022-05-22 06:23:19
4111,Coffee Maker 4111,Beauty,1692.72,790,2022-06-04 03:23:18
4112,Monitor 4112,Books,301.96,838,2022-10-06 10:34:06
4113,Coffee Maker 4113,Electronics,1246.05,957,2021-07-08 10:22:40
4114,Notebook 4114,Electronics,1615.37,319,2021-10-10 09:49:02
4115,T-Shirt 4115,Electronics,701.36,184,2023-01-08 06:11:03
4116,Headphones 4116,Books,338.93,102,2021-04-25 09:58:55
4117,Coffee Maker 4117,Fashion,1208.99,627,2022-04-24 06:13:50
4118,Backpack 4118,Home,1857.57,561,2023-01-18 03:20:23
4119,Protein Bar 4119,Home,1888.3,684,2021-08-26 21:26:36
4120,Notebook 4120,Electronics,680.0,374,2022-08-10 10:08:26
4121,Monitor 4121,Fashion,1920.97,502,2022-05-06 13:33:25
4122,Sneakers 4122,Home,87.97,60,2022-05-02 07:10:26
4123,Coffee Maker 4123,Beauty,1416.74,859,2023-04-26 00:22:06
4124,Headphones 4124,Electronics,1696.31,93,2021-08-11 04:08:40
4125,Backpack 4125,Books,1128.18,719,2022-10-08 08:47:58
4126,Notebook 4126,Books,791.4,559,2023-04-20 02:12:18
4127,Sneakers 4127,Sports,644.03,458,2021-04-17 18:43:28
4128,Sneakers 4128,Sports,1888.77,436,2022-08-09 06:52:00
4129,Protein Bar 4129,Home,757.25,502,2022-08-24 04:56:49
4130,Laptop 4130,Home,213.12,574,2022-12-29 15:34:56
4131,Coffee Maker 4131,Books,780.67,509,2021-03-13 00:01:57
4132,T-Shirt 4132,Beauty,1399.31,540,2021-07-08 23:12:56
4133,Laptop 4133,Fashion,1893.83,314,2022-10-19 02:49:02
4134,Headphones 4134,Beauty,1801.05,555,2022-08-16 00:16:22
4135,Monitor 4135,Beauty,630.74,49,2022-04-30 15:37:36
4136,Notebook 4136,Electronics,99.18,310,2021-12-20 18:09:06
4137,Protein Bar 4137,Fashion,706.77,550,2021-01-07 03:45:28
4138,Laptop 4138,Beauty,1748.04,756,2023-03-18 19:30:23
4139,Notebook 4139,Books,1699.2,520,2021-12-31 21:32:34
4140,Backpack 4140,Beauty,1399.87,932,2021-11-07 23:27:34
4141,Sneakers 4141,Electronics,917.18,190,2023-02-27 21:45:28
4142,Sneakers 4142,Beauty,644.02,731,2021-02-22 14:37:33
4143,Sneakers 4143,Home,417.44,655,2022-08-22 05:38:52
4144,Headphones 4144,Electronics,95.24,390,2021-06-03 14:00:33
4145,Sneakers 4145,Beauty,237.08,297,2023-04-07 03:35:03
4146,Laptop 4146,Fashion,1320.89,937,2022-12-12 15:15:54
4147,Backpack 4147,Fashion,1974.24,846,2023-04-09 06:48:33
4148,Sneakers 4148,Sports,1835.58,411,2023-05-19 20:53:37
4149,Laptop 4149,Fashion,287.63,252,2022-07-13 07:51:11
4150,Headphones 4150,Beauty,520.08,944,2022-09-24 22:54:37
4151,Protein Bar 4151,Beauty,1143.23,884,2022-09-30 19:41:19
4152,T-Shirt 4152,Fashion,1880.84,669,2021-08-31 10:07:19
4153,T-Shirt 4153,Home,1382.11,425,2021-02-17 18:29:59
4154,Protein Bar 4154,Home,559.78,922,2021-12-27 06:57:14
4155,Sneakers 4155,Home,510.58,10,2021-05-29 21:37:58
4156,Protein Bar 4156,Electronics,1393.52,459,2022-06-08 02:22:38
4157,Monitor 4157,Beauty,1380.55,72,2022-01-01 07:53:04
4158,Keyboard 4158,Electronics,322.05,810,2021-04-23 22:17:28
4159,Coffee Maker 4159,Electronics,370.8,335,2022-11-22 17:45:42
4160,Monitor 4160,Beauty,516.72,697,2021-01-08 13:46:49
4161,Protein Bar 4161,Sports,1074.84,291,2022-06-06 04:33:52
4162,Headphones 4162,Sports,221.44,122,2023-01-23 07:02:43
4163,Protein Bar 4163,Fashion,1900.67,568,2021-08-21 17:19:01
4164,Coffee Maker 4164,Fashion,258.59,36,2022-06-20 05:12:15
4165,Coffee Maker 4165,Home,223.14,234,2021-04-10 07:12:21
4166,Laptop 4166,Home,373.03,780,2021-02-10 08:36:46
4167,Keyboard 4167,Fashion,874.72,379,2022-09-30 08:22:09
4168,Coffee Maker 4168,Beauty,289.8,611,2022-11-07 04:51:26
4169,Laptop 4169,Beauty,1867.56,785,2021-10-21 03:45:54
4170,Sneakers 4170,Fashion,1451.2,44,2022-03-15 23:49:12
4171,Headphones 4171,Electronics,1897.44,349,2021-04-07 08:45:55
4172,T-Shirt 4172,Fashion,703.48,205,2022-06-18 21:08:12
4173,Laptop 4173,Home,763.17,969,2023-02-08 12:20:26
4174,T-Shirt 4174,Books,131.98,188,2021-06-27 09:24:11
4175,Sneakers 4175,Sports,1317.73,449,2021-07-11 06:26:45
4176,Laptop 4176,Home,143.42,251,2021-09-24 03:58:09
4177,Headphones 4177,Books,579.17,164,2021-08-08 04:44:18
4178,Monitor 4178,Books,1928.53,58,2022-05-18 16:03:48
4179,Keyboard 4179,Beauty,134.94,530,2022-06-07 18:28:05
4180,Notebook 4180,Electronics,1239.08,173,2022-04-28 20:17:53
4181,Backpack 4181,Sports,81.67,923,2021-05-04 05:27:51
4182,Keyboard 4182,Beauty,471.16,390,2021-11-21 15:13:05
4183,Laptop 4183,Books,121.54,396,2023-02-04 18:10:22
4184,Headphones 4184,Electronics,1714.72,780,2021-12-20 10:12:01
4185,Laptop 4185,Books,1093.44,20,2021-03-18 23:10:23
4186,Coffee Maker 4186,Books,1291.36,289,2022-09-14 09:33:30
4187,Headphones 4187,Home,902.09,766,2023-03-18 14:52:48
4188,Sneakers 4188,Beauty,983.67,256,2021-12-23 03:10:52
4189,Backpack 4189,Beauty,912.69,941,2022-12-01 00:30:27
4190,Monitor 4190,Home,1075.23,368,2022-02-16 13:45:41
4191,Sneakers 4191,Fashion,577.29,748,2021-11-04 07:51:26
4192,Monitor 4192,Home,1998.29,903,2023-05-30 18:56:06
4193,Monitor 4193,Sports,1481.31,442,2021-07-05 07:44:17
4194,T-Shirt 4194,Fashion,89.9,420,2023-04-17 09:01:55
4195,Notebook 4195,Fashion,1975.04,128,2022-06-13 21:01:10
4196,Backpack 4196,Fashion,1884.05,431,2022-10-29 10:29:26
4197,Protein Bar 4197,Home,1468.23,454,2023-01-22 00:24:47
4198,Protein Bar 4198,Home,730.3,333,2022-08-29 04:39:13
4199,Protein Bar 4199,Fashion,1448.0,210,2021-04-03 12:11:54
4200,Sneakers 4200,Fashion,1426.62,582,2023-03-28 17:27:53
4201,Sneakers 4201,Beauty,1320.36,633,2021-07-12 03:45:19
4202,Backpack 4202,Home,1098.67,782,2021-03-14 00:56:00
4203,Protein Bar 4203,Sports,1289.78,218,2022-01-19 05:22:52
4204,Protein Bar 4204,Fashion,943.11,555,2022-03-05 09:29:42
4205,Coffee Maker 4205,Sports,1809.83,978,2022-06-29 00:38:50
4206,Headphones 4206,Home,106.52,222,2022-10-02 14:33:09
4207,Backpack 4207,Books,1780.4,675,2021-09-21 23:39:24
4208,Protein Bar 4208,Books,866.41,965,2022-04-21 16:31:47
4209,Coffee Maker 4209,Electronics,1389.47,395,2023-03-15 00:11:51
4210,Headphones 4210,Beauty,348.82,763,2023-04-23 12:21:03
4211,Headphones 4211,Fashion,1284.27,588,2023-05-04 03:34:21
4212,Sneakers 4212,Fashion,825.52,479,2021-10-23 15:23:20
4213,Sneakers 4213,Beauty,265.46,953,2022-06-25 13:17:57
4214,Coffee Maker 4214,Sports,1222.66,781,2022-05-11 02:54:48
4215,Headphones 4215,Books,1471.96,896,2021-05-21 21:01:41
4216,Laptop 4216,Beauty,198.64,66,2021-05-21 08:34:28
4217,Keyboard 4217,Electronics,22.29,882,2023-05-16 18:22:33
4218,Laptop 4218,Sports,1705.94,320,2021-05-08 19:39:07
4219,Backpack 4219,Fashion,1488.45,980,2021-12-18 12:27:47
4220,Sneakers 4220,Sports,1682.15,371,2021-07-31 03:42:28
4221,Headphones 4221,Sports,1168.98,848,2021-07-09 21:35:52
4222,Coffee Maker 4222,Home,680.55,179,2023-03-10 23:55:48
4223,T-Shirt 4223,Sports,207.49,575,2022-09-01 07:26:19
4224,Monitor 4224,Fashion,330.7,121,2021-06-08 12:03:18
4225,Notebook 4225,Books,822.31,575,2023-03-15 07:20:20
4226,Notebook 4226,Beauty,941.79,287,2021-07-10 09:06:55
4227,Sneakers 4227,Electronics,1329.42,150,2022-09-03 00:21:47
4228,Coffee Maker 4228,Electronics,1512.57,138,2021-01-17 15:22:56
4229,Protein Bar 4229,Home,761.84,174,2021-06-15 23:11:22
4230,Laptop 4230,Books,1377.8,837,2022-06-25 09:36:49
4231,Backpack 4231,Home,1171.86,186,2021-06-03 13:14:37
4232,Coffee Maker 4232,Electronics,1940.74,969,2021-06-09 04:33:08
4233,Headphones 4233,Sports,1771.78,87,2022-06-24 23:28:25
4234,Backpack 4234,Electronics,358.58,639,2021-07-19 21:42:49
4235,T-Shirt 4235,Beauty,790.26,153,2021-03-27 16:59:25
4236,Keyboard 4236,Beauty,398.28,649,2021-10-03 13:00:02
4237,Backpack 4237,Sports,1424.26,971,2021-09-28 21:05:41
4238,Keyboard 4238,Sports,1207.61,818,2023-04-22 13:57:24
4239,Coffee Maker 4239,Electronics,1245.62,604,2022-03-09 05:36:33
4240,Protein Bar 4240,Fashion,733.61,258,2022-08-23 12:38:22
4241,Sneakers 4241,Books,564.09,532,2021-05-29 16:06:48
4242,Laptop 4242,Home,640.54,170,2022-10-14 14:45:36
4243,Laptop 4243,Beauty,481.41,313,2023-01-19 14:23:14
4244,T-Shirt 4244,Home,1992.33,345,2021-01-15 15:34:13
4245,Laptop 4245,Sports,1501.25,777,2022-05-23 20:29:56
4246,Coffee Maker 4246,Beauty,165.09,564,2021-09-26 15:41:24
4247,Laptop 4247,Fashion,1744.72,948,2021-10-15 13:29:28
4248,Headphones 4248,Electronics,1470.61,19,2021-09-06 03:46:18
4249,T-Shirt 4249,Home,403.29,481,2021-03-24 02:24:59
4250,Protein Bar 4250,Home,76.79,688,2022-11-30 04:42:35
4251,T-Shirt 4251,Beauty,753.41,375,2021-10-24 21:52:34
4252,Notebook 4252,Home,817.35,350,2021-08-15 13:34:29
4253,Monitor 4253,Sports,1439.64,565,2022-03-15 01:14:21
4254,Sneakers 4254,Home,566.87,85,2021-06-20 03:55:22
4255,Coffee Maker 4255,Beauty,174.17,682,2022-08-11 14:02:03
4256,Backpack 4256,Books,1792.16,23,2023-02-05 15:27:50
4257,Monitor 4257,Electronics,489.71,181,2021-02-25 07:09:44
4258,Backpack 4258,Electronics,312.24,820,2021-03-09 00:11:51
4259,Sneakers 4259,Electronics,1728.06,9,2021-08-24 15:39:46
4260,Laptop 4260,Beauty,1614.94,891,2023-01-15 08:19:26
4261,Headphones 4261,Electronics,316.71,641,2023-02-05 02:17:01
4262,Coffee Maker 4262,Beauty,1747.44,804,2022-06-12 12:30:51
4263,Keyboard 4263,Books,248.35,721,2022-07-04 04:23:13
4264,Monitor 4264,Fashion,1836.41,948,2021-07-02 02:08:34
4265,Keyboard 4265,Fashion,187.95,974,2021-08-25 00:51:18
4266,Keyboard 4266,Electronics,868.77,702,2021-04-15 14:59:35
4267,Sneakers 4267,Fashion,104.75,81,2022-09-15 01:16:56
4268,Protein Bar 4268,Sports,1252.78,197,2021-07-06 06:54:38
4269,Coffee Maker 4269,Fashion,1417.93,507,2023-01-21 03:32:53
4270,Headphones 4270,Beauty,376.2,294,2022-10-17 09:42:20
4271,Headphones 4271,Electronics,887.82,519,2021-02-05 23:17:47
4272,Laptop 4272,Electronics,355.82,202,2021-03-08 12:47:18
4273,T-Shirt 4273,Fashion,1756.96,589,2022-03-27 17:54:36
4274,Sneakers 4274,Beauty,252.4,779,2021-05-26 01:43:26
4275,Keyboard 4275,Fashion,378.16,329,2021-12-03 09:02:02
4276,Sneakers 4276,Fashion,792.36,856,2021-07-02 00:36:40
4277,Headphones 4277,Sports,1205.1,518,2021-09-21 01:39:58
4278,T-Shirt 4278,Fashion,855.91,844,2022-07-31 01:11:59
4279,Backpack 4279,Beauty,485.34,7,2022-04-28 06:01:54
4280,T-Shirt 4280,Sports,1509.82,66,2022-06-08 20:48:50
4281,Laptop 4281,Electronics,990.38,924,2021-09-25 09:39:52
4282,Laptop 4282,Books,1512.52,440,2021-06-24 11:43:32
4283,Keyboard 4283,Beauty,1530.05,733,2021-12-12 03:39:31
4284,Coffee Maker 4284,Electronics,1954.45,690,2022-12-15 05:41:12
4285,Keyboard 4285,Sports,1178.34,938,2021-07-19 21:54:09
4286,Backpack 4286,Beauty,1363.76,694,2021-08-11 11:52:27
4287,Keyboard 4287,Books,528.56,859,2022-09-13 22:45:33
4288,Backpack 4288,Home,719.43,830,2021-01-19 12:55:09
4289,Coffee Maker 4289,Sports,1001.89,781,2022-01-21 12:30:57
4290,Coffee Maker 4290,Sports,1094.1,762,2023-02-15 01:33:50
4291,Sneakers 4291,Fashion,1176.52,43,2021-07-18 22:29:54
4292,Backpack 4292,Home,932.56,472,2021-12-22 09:39:54
4293,Backpack 4293,Home,929.93,920,2021-04-26 02:00:53
4294,Coffee Maker 4294,Home,309.61,755,2022-09-19 06:48:44
4295,Protein Bar 4295,Home,1899.52,894,2022-04-06 18:34:32
4296,Monitor 4296,Sports,766.01,891,2021-06-05 22:23:41
4297,Monitor 4297,Home,734.59,444,2022-06-08 00:56:34
4298,Monitor 4298,Fashion,1187.91,188,2022-11-10 17:32:04
4299,Sneakers 4299,Electronics,37.7,483,2022-08-12 09:03:01
4300,Monitor 4300,Sports,677.94,22,2021-06-02 19:21:04
4301,Coffee Maker 4301,Home,320.84,849,2023-05-08 02:28:55
4302,Notebook 4302,Sports,459.34,498,2022-05-12 07:58:27
4303,Headphones 4303,Beauty,1000.78,445,2022-10-09 21:32:06
4304,Monitor 4304,Home,1938.35,61,2021-09-15 17:40:50
4305,Backpack 4305,Electronics,138.48,331,2022-11-09 01:02:20
4306,Coffee Maker 4306,Books,582.2,240,2022-02-04 11:06:02
4307,Notebook 4307,Home,1608.23,426,2022-11-24 10:20:57
4308,Coffee Maker 4308,Electronics,1913.93,646,2023-01-08 18:17:35
4309,Monitor 4309,Sports,1262.77,700,2022-06-20 19:43:42
4310,Headphones 4310,Home,1225.2,613,2022-02-01 17:45:57
4311,Monitor 4311,Books,567.38,742,2021-10-02 19:28:00
4312,Backpack 4312,Beauty,1728.87,378,2021-03-09 08:10:38
4313,Headphones 4313,Home,130.93,457,2022-01-23 14:08:25
4314,Backpack 4314,Home,495.99,967,2022-08-02 04:46:37
4315,Backpack 4315,Beauty,470.71,892,2021-02-04 16:01:38
4316,Backpack 4316,Beauty,1831.9,995,2023-01-03 16:40:08
4317,Coffee Maker 4317,Sports,1112.22,591,2021-12-08 16:57:20
4318,Backpack 4318,Beauty,392.78,130,2021-04-21 02:04:29
4319,Backpack 4319,Beauty,1146.69,933,2021-09-29 05:30:39
4320,Sneakers 4320,Beauty,1187.71,242,2021-02-12 13:13:56
4321,Sneakers 4321,Home,1128.78,911,2021-02-27 02:51:05
4322,Laptop 4322,Sports,1024.37,97,2022-12-25 15:39:40
4323,Protein Bar 4323,Fashion,1249.1,83,2021-10-30 00:36:43
4324,Notebook 4324,Home,928.07,922,2022-09-02 19:54:34
4325,T-Shirt 4325,Electronics,901.72,796,2022-06-26 03:59:02
4326,Sneakers 4326,Sports,1425.26,372,2022-04-13 09:36:23
4327,Laptop 4327,Home,496.94,648,2022-05-18 01:59:50
4328,Laptop 4328,Sports,715.56,635,2021-01-18 08:21:27
4329,Coffee Maker 4329,Books,296.51,279,2022-09-09 15:02:11
4330,Backpack 4330,Home,1970.64,619,2023-04-26 04:03:37
4331,Notebook 4331,Fashion,1649.15,661,2022-06-17 01:53:03
4332,Sneakers 4332,Books,1212.14,302,2022-09-28 08:45:10
4333,Laptop 4333,Beauty,1770.12,536,2021-10-25 11:05:39
4334,Notebook 4334,Sports,500.21,385,2021-06-14 09:56:26
4335,Protein Bar 4335,Beauty,1638.08,11,2021-04-07 08:16:55
4336,T-Shirt 4336,Sports,412.46,303,2021-09-25 16:05:08
4337,Laptop 4337,Electronics,1305.01,780,2023-05-24 01:54:32
4338,Protein Bar 4338,Electronics,740.42,794,2022-01-16 17:47:01
4339,Monitor 4339,Home,1253.65,568,2022-10-01 05:00:58
4340,Monitor 4340,Books,891.06,321,2023-04-09 05:15:02
4341,Keyboard 4341,Sports,914.61,202,2022-01-10 12:03:11
4342,Headphones 4342,Home,573.1,600,2021-05-28 18:52:28
4343,Monitor 4343,Sports,1912.43,126,2022-11-13 10:36:20
4344,Laptop 4344,Sports,1107.39,377,2023-03-27 22:07:54
4345,Monitor 4345,Sports,1664.45,384,2021-05-06 17:36:43
4346,Notebook 4346,Electronics,1259.64,661,2022-11-30 01:31:15
4347,Backpack 4347,Home,360.11,627,2023-02-08 07:39:05
4348,Laptop 4348,Beauty,569.4,579,2021-06-05 18:10:21
4349,Headphones 4349,Electronics,1767.1,57,2022-07-03 06:13:15
4350,Monitor 4350,Home,132.44,69,2021-10-21 19:37:18
4351,Monitor 4351,Fashion,209.0,167,2023-04-21 20:05:46
4352,Sneakers 4352,Electronics,1510.55,995,2021-10-25 23:24:37
4353,Backpack 4353,Sports,166.91,351,2021-09-23 02:24:50
4354,Keyboard 4354,Home,804.12,63,2022-11-07 04:20:32
4355,Notebook 4355,Home,1285.43,405,2021-02-18 23:51:41
4356,Monitor 4356,Books,1646.58,833,2022-04-26 05:27:55
4357,Sneakers 4357,Home,322.33,781,2023-01-02 15:30:11
4358,T-Shirt 4358,Fashion,482.33,660,2022-10-12 07:32:48
4359,Notebook 4359,Electronics,109.7,863,2021-12-15 14:59:09
4360,Sneakers 4360,Home,89.58,224,2022-05-25 11:33:24
4361,Sneakers 4361,Fashion,1909.07,140,2023-04-19 03:12:10
4362,Notebook 4362,Sports,649.29,774,2021-03-28 07:35:21
4363,Protein Bar 4363,Electronics,1022.94,296,2021-02-26 18:46:11
4364,Coffee Maker 4364,Electronics,1340.94,713,2022-02-24 12:31:07
4365,Protein Bar 4365,Books,140.58,204,2022-03-28 08:56:39
4366,Headphones 4366,Electronics,421.63,596,2022-10-28 02:32:01
4367,Coffee Maker 4367,Electronics,702.02,82,2021-09-15 17:23:57
4368,Headphones 4368,Sports,1020.75,848,2021-09-07 19:21:49
4369,Monitor 4369,Home,429.49,549,2021-04-19 03:37:26
4370,Laptop 4370,Beauty,1489.79,288,2021-08-16 08:22:32
4371,T-Shirt 4371,Books,751.73,397,2021-04-03 15:20:17
4372,Monitor 4372,Fashion,1509.57,262,2021-12-13 02:44:05
4373,Backpack 4373,Fashion,657.48,266,2021-09-19 02:23:25
4374,Protein Bar 4374,Electronics,1302.67,462,2022-04-27 05:14:15
4375,Laptop 4375,Home,1208.72,667,2022-08-03 03:20:45
4376,Notebook 4376,Home,413.16,115,2021-07-13 10:04:05
4377,Laptop 4377,Home,1610.25,760,2023-02-28 21:50:42
4378,Sneakers 4378,Fashion,1520.72,753,2022-09-03 15:03:26
4379,T-Shirt 4379,Beauty,1350.04,907,2022-12-30 22:29:29
4380,Headphones 4380,Sports,725.07,55,2021-12-27 22:35:47
4381,Sneakers 4381,Books,1780.96,863,2022-09-27 22:19:28
4382,T-Shirt 4382,Fashion,1024.64,317,2023-04-10 22:02:32
4383,Laptop 4383,Fashion,1660.03,881,2021-11-20 17:10:16
4384,Backpack 4384,Fashion,1001.69,737,2021-12-28 13:47:01
4385,Protein Bar 4385,Beauty,658.08,400,2021-07-03 04:52:19
4386,Headphones 4386,Fashion,1842.03,491,2022-01-23 12:49:38
4387,Notebook 4387,Books,574.26,683,2021-12-20 22:08:23
4388,Sneakers 4388,Electronics,1234.66,905,2022-07-17 18:29:37
4389,Laptop 4389,Electronics,1240.46,877,2022-12-30 08:04:29
4390,Laptop 4390,Sports,1860.67,310,2023-01-13 20:32:39
4391,Coffee Maker 4391,Home,1458.85,984,2022-03-29 04:24:11
4392,Monitor 4392,Electronics,111.81,220,2022-10-26 09:32:33
4393,Sneakers 4393,Home,1484.98,381,2023-02-08 23:52:08
4394,Keyboard 4394,Sports,837.89,22,2021-09-29 22:31:38
4395,T-Shirt 4395,Electronics,1797.55,309,2022-02-15 21:49:22
4396,Monitor 4396,Sports,916.57,954,2021-02-21 09:03:51
4397,Sneakers 4397,Electronics,1839.22,762,2022-10-17 06:24:51
4398,Laptop 4398,Home,353.29,115,2021-01-16 05:58:29
4399,Keyboard 4399,Beauty,473.43,890,2023-04-26 17:41:49
4400,Headphones 4400,Beauty,1117.1,276,2021-07-19 14:13:31
4401,Laptop 4401,Beauty,1128.65,64,2022-11-02 01:41:07
4402,Monitor 4402,Fashion,134.99,694,2022-08-16 02:31:26
4403,Protein Bar 4403,Electronics,79.14,442,2021-11-03 04:30:42
4404,Coffee Maker 4404,Home,354.17,13,2021-06-05 09:37:30
4405,Headphones 4405,Electronics,1314.94,982,2023-04-19 15:40:52
4406,T-Shirt 4406,Beauty,566.73,490,2022-02-15 19:00:10
4407,Sneakers 4407,Sports,53.7,278,2021-03-06 10:39:46
4408,Sneakers 4408,Fashion,1380.9,829,2021-09-27 02:32:06
4409,Laptop 4409,Beauty,93.03,576,2021-05-05 23:07:35
4410,Protein Bar 4410,Books,1904.53,500,2022-10-06 16:11:17
4411,Sneakers 4411,Beauty,1697.67,48,2021-01-14 08:00:30
4412,T-Shirt 4412,Sports,181.39,376,2021-11-22 23:20:25
4413,Coffee Maker 4413,Home,1091.46,382,2022-04-21 13:39:49
4414,Backpack 4414,Beauty,1104.29,149,2021-01-15 18:08:25
4415,Backpack 4415,Beauty,1280.43,416,2021-12-05 22:42:46
4416,Monitor 4416,Books,806.55,478,2022-04-02 10:36:30
4417,Backpack 4417,Sports,299.53,688,2022-08-30 11:33:01
4418,Coffee Maker 4418,Beauty,1086.83,368,2021-10-03 07:00:56
4419,Protein Bar 4419,Electronics,1206.29,906,2023-01-21 17:22:05
4420,Monitor 4420,Sports,1849.81,660,2022-09-11 12:56:32
4421,Coffee Maker 4421,Home,1508.64,882,2022-11-09 03:53:00
4422,Monitor 4422,Electronics,690.19,940,2022-02-20 09:28:15
4423,Monitor 4423,Books,686.59,647,2023-02-16 10:27:07
4424,Monitor 4424,Books,283.34,835,2022-12-06 04:56:30
4425,Sneakers 4425,Beauty,795.72,843,2021-02-15 19:56:18
4426,Protein Bar 4426,Electronics,1981.06,557,2021-06-22 13:48:24
4427,Laptop 4427,Books,212.11,4,2023-03-24 06:52:57
4428,T-Shirt 4428,Books,1330.95,168,2022-01-01 23:14:23
4429,Sneakers 4429,Beauty,1420.96,342,2022-09-30 19:42:08
4430,Coffee Maker 4430,Electronics,654.35,856,2022-08-17 05:13:51
4431,Backpack 4431,Books,1874.17,535,2021-09-04 03:24:30
4432,Protein Bar 4432,Fashion,1156.15,767,2022-04-09 15:55:48
4433,Protein Bar 4433,Beauty,1504.37,108,2021-08-13 03:51:27
4434,Sneakers 4434,Beauty,1289.59,159,2023-01-17 04:08:22
4435,Sneakers 4435,Beauty,6.19,812,2021-12-22 18:44:29
4436,Notebook 4436,Electronics,992.93,937,2023-02-17 01:03:40
4437,Keyboard 4437,Beauty,1900.47,247,2021-12-31 10:06:19
4438,Protein Bar 4438,Sports,1651.34,554,2022-09-03 04:38:17
4439,Keyboard 4439,Fashion,51.89,31,2021-10-11 13:44:35
4440,T-Shirt 4440,Electronics,418.14,847,2022-02-04 15:37:30
4441,Keyboard 4441,Electronics,510.6,973,2021-01-24 01:41:27
4442,Keyboard 4442,Home,1890.02,677,2021-10-09 00:53:53
4443,Protein Bar 4443,Electronics,1397.15,307,2021-05-30 00:15:19
4444,Backpack 4444,Home,752.96,311,2022-10-28 01:57:34
4445,Protein Bar 4445,Books,1181.43,489,2022-07-11 03:40:30
4446,Headphones 4446,Books,88.54,503,2022-12-11 07:26:12
4447,Laptop 4447,Home,642.67,31,2023-01-25 05:59:37
4448,T-Shirt 4448,Beauty,949.83,816,2023-03-20 13:32:00
4449,Protein Bar 4449,Books,1540.73,432,2022-12-16 05:57:34
4450,Headphones 4450,Books,1761.87,971,2022-04-30 09:32:48
4451,Coffee Maker 4451,Electronics,763.03,985,2022-01-14 08:40:58
4452,Coffee Maker 4452,Electronics,952.37,556,2022-05-21 11:49:15
4453,Keyboard 4453,Electronics,494.55,850,2022-04-03 23:03:33
4454,Keyboard 4454,Home,762.8,345,2022-10-18 05:19:26
4455,Sneakers 4455,Books,1968.08,35,2022-08-29 10:20:47
4456,Backpack 4456,Sports,1107.49,720,2023-03-08 00:09:25
4457,Coffee Maker 4457,Fashion,1229.37,97,2023-04-26 21:38:06
4458,Laptop 4458,Beauty,261.13,883,2022-07-10 06:53:14
4459,Laptop 4459,Books,891.64,514,2021-01-09 19:45:10
4460,Monitor 4460,Home,553.11,578,2023-03-10 07:25:44
4461,Protein Bar 4461,Books,1309.14,49,2022-09-07 03:11:31
4462,T-Shirt 4462,Books,239.75,529,2021-02-04 12:11:55
4463,Coffee Maker 4463,Fashion,1805.01,300,2022-01-25 02:29:13
4464,Monitor 4464,Electronics,584.12,339,2022-04-20 09:29:54
4465,Protein Bar 4465,Electronics,1375.18,991,2021-12-16 01:04:30
4466,Keyboard 4466,Fashion,966.88,255,2022-02-19 21:11:51
4467,Laptop 4467,Home,1552.6,826,2022-01-18 22:38:30
4468,Monitor 4468,Home,92.53,187,2021-12-17 13:29:24
4469,Sneakers 4469,Sports,1731.8,597,2022-03-20 16:33:51
4470,Coffee Maker 4470,Fashion,1429.09,827,2021-10-23 01:13:54
4471,Keyboard 4471,Electronics,333.04,135,2021-05-28 02:31:17
4472,Headphones 4472,Books,52.24,508,2021-01-21 14:58:40
4473,Backpack 4473,Beauty,862.8,725,2022-03-23 15:39:25
4474,Notebook 4474,Beauty,739.74,556,2022-07-30 18:52:16
4475,Keyboard 4475,Home,949.95,285,2021-02-22 16:57:50
4476,Protein Bar 4476,Books,1405.59,68,2021-05-01 08:40:06
4477,Keyboard 4477,Electronics,529.24,971,2021-10-01 17:48:01
4478,Backpack 4478,Home,805.65,941,2022-12-27 21:27:56
4479,Sneakers 4479,Fashion,246.42,165,2022-08-16 10:38:04
4480,Keyboard 4480,Books,377.65,201,2021-06-05 14:10:30
4481,Coffee Maker 4481,Beauty,1993.06,382,2023-05-04 10:34:47
4482,Notebook 4482,Sports,958.37,994,2021-01-30 21:43:15
4483,Monitor 4483,Books,829.45,573,2022-03-14 10:08:52
4484,Laptop 4484,Fashion,408.88,307,2021-08-30 23:26:22
4485,Monitor 4485,Beauty,1404.44,11,2022-10-19 07:06:57
4486,Backpack 4486,Electronics,1022.84,12,2021-06-28 21:11:51
4487,Keyboard 4487,Books,1333.49,599,2022-01-10 16:38:24
4488,Notebook 4488,Electronics,610.17,830,2022-09-27 09:12:33
4489,Monitor 4489,Sports,1841.86,881,2021-11-06 11:03:49
4490,Coffee Maker 4490,Fashion,381.39,486,2022-04-05 11:57:21
4491,Coffee Maker 4491,Home,432.17,176,2023-05-05 06:32:00
4492,Protein Bar 4492,Books,1268.63,554,2023-05-21 06:04:03
4493,Keyboard 4493,Fashion,1335.83,878,2021-07-21 22:25:59
4494,Notebook 4494,Fashion,1723.07,69,2022-05-12 10:35:10
4495,Coffee Maker 4495,Books,1979.78,74,2022-03-19 09:55:04
4496,Headphones 4496,Fashion,497.9,771,2022-11-17 23:34:09
4497,Protein Bar 4497,Beauty,726.64,230,2023-05-11 07:54:42
4498,T-Shirt 4498,Home,124.05,442,2022-09-17 19:15:58
4499,Laptop 4499,Sports,1562.36,28,2022-12-27 22:23:49
4500,Sneakers 4500,Beauty,1454.36,382,2021-04-17 05:20:50
4501,Protein Bar 4501,Home,1214.84,887,2022-07-21 18:18:59
4502,Sneakers 4502,Beauty,1815.48,490,2022-08-26 19:52:07
4503,Headphones 4503,Books,1778.04,661,2021-01-10 10:36:29
4504,Monitor 4504,Fashion,1199.96,294,2021-10-15 10:52:48
4505,Coffee Maker 4505,Electronics,868.32,31,2022-03-12 18:25:49
4506,Protein Bar 4506,Electronics,1125.56,721,2022-04-26 22:14:55
4507,Monitor 4507,Beauty,84.7,284,2021-10-25 17:36:18
4508,Protein Bar 4508,Sports,931.69,826,2022-08-18 16:50:12
4509,Backpack 4509,Sports,1673.47,619,2021-03-04 00:26:31
4510,Backpack 4510,Sports,1711.48,481,2022-10-17 00:01:56
4511,Notebook 4511,Home,775.26,892,2021-04-11 19:28:14
4512,Headphones 4512,Beauty,1122.57,698,2021-01-04 20:39:13
4513,Headphones 4513,Books,1323.71,587,2021-06-22 02:34:32
4514,Monitor 4514,Home,677.47,708,2021-12-21 18:05:02
4515,Coffee Maker 4515,Sports,1067.81,631,2023-05-10 08:10:49
4516,Keyboard 4516,Sports,1260.1,956,2022-08-19 02:27:20
4517,T-Shirt 4517,Sports,1190.9,233,2023-03-17 21:34:00
4518,Backpack 4518,Sports,1814.9,579,2021-01-26 06:48:40
4519,Sneakers 4519,Sports,1944.82,196,2023-02-21 17:29:03
4520,Backpack 4520,Books,1353.82,285,2021-03-09 13:02:19
4521,T-Shirt 4521,Books,850.58,674,2022-01-16 14:17:57
4522,Sneakers 4522,Books,1781.65,142,2022-03-30 17:36:43
4523,T-Shirt 4523,Fashion,1375.77,370,2021-05-31 14:56:53
4524,Notebook 4524,Books,645.68,817,2023-05-30 05:01:36
4525,Coffee Maker 4525,Books,1042.62,120,2021-02-25 15:44:47
4526,T-Shirt 4526,Beauty,497.82,612,2023-04-13 13:49:57
4527,Backpack 4527,Fashion,1775.11,829,2022-06-22 19:04:03
4528,Coffee Maker 4528,Sports,495.04,495,2021-10-26 14:54:45
4529,T-Shirt 4529,Books,920.86,349,2022-10-09 18:19:31
4530,Monitor 4530,Sports,1213.94,258,2023-02-23 07:59:37
4531,Keyboard 4531,Home,1627.16,402,2022-04-07 17:24:56
4532,Laptop 4532,Electronics,381.91,956,2022-02-03 15:09:29
4533,T-Shirt 4533,Home,912.25,563,2023-04-01 16:15:07
4534,Headphones 4534,Sports,1024.68,430,2021-10-28 04:16:22
4535,Sneakers 4535,Sports,106.73,437,2021-01-28 04:23:52
4536,Coffee Maker 4536,Books,220.62,447,2023-04-20 06:40:05
4537,Protein Bar 4537,Sports,243.29,185,2023-04-17 05:34:41
4538,Keyboard 4538,Sports,1521.45,55,2021-12-08 04:08:28
4539,Laptop 4539,Electronics,558.33,561,2021-01-30 08:27:36
4540,Notebook 4540,Sports,259.21,98,2021-07-21 15:55:05
4541,Protein Bar 4541,Fashion,84.68,676,2023-03-08 03:15:33
4542,Headphones 4542,Electronics,24.66,345,2022-12-24 06:43:23
4543,Headphones 4543,Beauty,557.96,440,2021-06-02 16:35:55
4544,Sneakers 4544,Fashion,444.77,618,2023-05-29 08:40:21
4545,Headphones 4545,Sports,1856.06,362,2021-06-22 11:24:48
4546,Sneakers 4546,Fashion,50.79,598,2023-03-27 18:26:34
4547,Backpack 4547,Fashion,347.83,989,2021-01-02 01:17:16
4548,Protein Bar 4548,Fashion,1085.71,17,2021-12-12 00:35:37
4549,Monitor 4549,Electronics,1144.62,628,2022-11-07 17:18:01
4550,T-Shirt 4550,Home,253.5,252,2022-03-27 10:31:01
4551,Protein Bar 4551,Fashion,487.84,624,2021-03-19 23:53:30
4552,Monitor 4552,Fashion,1835.66,286,2022-06-28 08:13:33
4553,Keyboard 4553,Electronics,481.35,315,2023-02-21 12:13:05
4554,Protein Bar 4554,Books,1722.49,869,2022-01-21 01:03:26
4555,Protein Bar 4555,Home,430.71,102,2022-07-23 13:41:26
4556,Keyboard 4556,Home,1426.29,453,2022-05-19 13:20:09
4557,Monitor 4557,Beauty,1776.8,871,2021-10-12 03:28:20
4558,Headphones 4558,Home,50.94,783,2022-03-13 21:35:44
4559,T-Shirt 4559,Fashion,1764.2,503,2022-05-09 02:21:39
4560,Protein Bar 4560,Books,687.87,21,2021-05-16 02:28:18
4561,Coffee Maker 4561,Books,1233.2,858,2021-12-04 07:12:41
4562,Coffee Maker 4562,Books,414.91,147,2022-07-10 19:16:32
4563,Keyboard 4563,Books,1674.69,699,2021-11-11 08:20:13
4564,Protein Bar 4564,Fashion,1577.2,212,2021-08-20 19:17:28
4565,Sneakers 4565,Sports,709.76,280,2022-01-27 15:01:16
4566,Sneakers 4566,Beauty,584.9,236,2021-08-10 18:25:50
4567,Protein Bar 4567,Books,1756.07,983,2021-11-02 05:48:15
4568,Laptop 4568,Beauty,1870.85,249,2021-01-16 13:02:02
4569,Keyboard 4569,Home,1427.57,22,2021-03-31 11:08:17
4570,Protein Bar 4570,Books,693.64,390,2021-01-02 18:22:42
4571,Laptop 4571,Home,875.4,456,2021-09-08 16:44:08
4572,Protein Bar 4572,Electronics,877.54,356,2022-11-24 15:28:02
4573,Sneakers 4573,Sports,736.36,266,2021-01-30 23:10:53
4574,Coffee Maker 4574,Fashion,341.24,874,2022-08-31 19:49:48
4575,Headphones 4575,Beauty,1036.75,543,2021-03-19 04:38:33
4576,Sneakers 4576,Electronics,1958.43,373,2022-03-27 14:53:34
4577,Laptop 4577,Fashion,184.5,937,2021-06-12 19:58:49
4578,Monitor 4578,Electronics,1232.82,566,2022-08-04 00:08:44
4579,Laptop 4579,Sports,163.11,954,2021-03-04 05:25:44
4580,T-Shirt 4580,Home,302.31,145,2022-12-07 16:04:51
4581,Protein Bar 4581,Sports,1742.66,190,2021-01-20 19:51:34
4582,Sneakers 4582,Home,626.64,533,2021-02-28 23:20:57
4583,Keyboard 4583,Fashion,1744.26,635,2022-03-23 19:05:18
4584,Laptop 4584,Books,1310.97,803,2021-01-11 07:27:54
4585,Monitor 4585,Sports,1098.14,964,2023-03-17 16:00:03
4586,Protein Bar 4586,Fashion,476.31,827,2022-01-26 16:22:23
4587,Sneakers 4587,Books,1426.5,68,2023-04-05 22:39:18
4588,Keyboard 4588,Sports,1635.49,183,2021-11-21 18:40:24
4589,Notebook 4589,Electronics,1559.22,566,2022-10-31 21:11:07
4590,Backpack 4590,Beauty,361.95,546,2023-04-27 18:41:04
4591,Monitor 4591,Fashion,1574.88,333,2021-12-10 01:05:51
4592,Monitor 4592,Sports,1028.93,21,2021-06-19 11:29:23
4593,Notebook 4593,Books,1790.2,403,2022-08-03 20:12:06
4594,Monitor 4594,Fashion,101.45,159,2023-04-28 17:20:24
4595,Monitor 4595,Fashion,1724.07,854,2022-01-28 03:00:05
4596,Backpack 4596,Books,1567.4,473,2022-03-17 03:01:55
4597,Sneakers 4597,Home,354.41,112,2022-01-29 13:16:29
4598,Sneakers 4598,Fashion,1282.07,772,2021-02-14 22:40:37
4599,Laptop 4599,Electronics,1965.8,139,2023-01-16 03:59:14
4600,Laptop 4600,Sports,924.24,818,2021-09-27 11:23:50
4601,Coffee Maker 4601,Beauty,1509.75,563,2021-12-25 01:14:13
4602,Notebook 4602,Beauty,810.78,537,2022-07-16 16:06:27
4603,Coffee Maker 4603,Beauty,1886.85,362,2021-05-04 03:59:55
4604,Headphones 4604,Books,1438.12,767,2021-12-20 22:27:49
4605,Protein Bar 4605,Sports,1049.32,417,2021-07-18 21:57:01
4606,Monitor 4606,Books,1716.56,129,2022-05-30 00:59:16
4607,Laptop 4607,Fashion,151.47,376,2022-09-12 17:30:11
4608,T-Shirt 4608,Electronics,1210.77,422,2021-09-08 16:20:50
4609,Protein Bar 4609,Home,602.54,24,2021-02-15 01:01:13
4610,Backpack 4610,Home,401.41,16,2023-01-09 21:25:11
4611,Sneakers 4611,Home,1551.27,768,2022-10-28 04:48:57
4612,Monitor 4612,Home,1731.07,809,2021-02-04 21:41:34
4613,Monitor 4613,Beauty,1588.55,405,2023-01-23 15:37:17
4614,Sneakers 4614,Fashion,37.67,232,2022-04-24 02:12:04
4615,Coffee Maker 4615,Sports,976.12,477,2021-05-20 07:25:37
4616,Coffee Maker 4616,Sports,1765.35,474,2023-05-12 04:11:00
4617,Monitor 4617,Home,1919.44,251,2021-07-20 05:16:27
4618,Monitor 4618,Beauty,1845.88,302,2021-07-13 08:01:47
4619,Backpack 4619,Electronics,704.36,931,2021-07-15 18:08:49
4620,Protein Bar 4620,Beauty,1744.87,79,2023-03-18 17:59:12
4621,Headphones 4621,Sports,712.77,524,2021-12-19 03:12:35
4622,Notebook 4622,Home,85.85,889,2022-01-25 14:05:53
4623,Coffee Maker 4623,Electronics,708.2,198,2021-05-08 02:57:37
4624,T-Shirt 4624,Books,336.06,103,2021-11-17 21:46:32
4625,Monitor 4625,Beauty,1423.65,276,2023-02-20 09:08:51
4626,Laptop 4626,Electronics,1021.47,645,2021-12-15 03:37:05
4627,Notebook 4627,Sports,53.16,413,2021-10-19 00:20:00
4628,Backpack 4628,Books,923.28,636,2021-12-29 06:21:05
4629,Backpack 4629,Sports,739.1,820,2021-09-15 07:50:27
4630,Notebook 4630,Books,250.98,448,2022-04-06 09:38:02
4631,Coffee Maker 4631,Home,1528.46,37,2023-04-05 03:43:34
4632,Notebook 4632,Beauty,1499.13,518,2023-04-21 08:55:01
4633,Keyboard 4633,Fashion,1866.23,386,2023-01-01 11:11:13
4634,Backpack 4634,Beauty,1429.97,749,2022-07-26 09:18:33
4635,T-Shirt 4635,Fashion,288.71,936,2021-08-26 20:11:18
4636,Sneakers 4636,Electronics,1235.66,282,2023-01-10 11:25:12
4637,Protein Bar 4637,Fashion,88.57,310,2022-07-02 17:09:53
4638,Laptop 4638,Fashion,393.01,582,2021-12-19 11:09:52
4639,Sneakers 4639,Home,1599.95,904,2021-06-02 07:49:04
4640,Monitor 4640,Home,1096.38,261,2022-01-19 04:05:51
4641,Sneakers 4641,Electronics,1982.1,167,2022-03-04 17:39:24
4642,Laptop 4642,Sports,1455.84,805,2022-11-07 05:22:53
4643,Keyboard 4643,Fashion,939.27,169,2022-08-12 13:14:30
4644,Coffee Maker 4644,Electronics,164.54,470,2022-12-12 05:57:26
4645,Backpack 4645,Books,1457.2,381,2022-02-15 17:35:23
4646,Coffee Maker 4646,Sports,1156.2,561,2021-11-13 17:44:39
4647,Backpack 4647,Beauty,1331.56,539,2022-09-15 19:30:02
4648,Monitor 4648,Beauty,1365.5,733,2022-12-27 18:05:55
4649,Headphones 4649,Books,1366.79,825,2021-01-29 05:03:52
4650,Headphones 4650,Fashion,456.27,22,2022-11-27 15:47:13
4651,Protein Bar 4651,Home,548.02,962,2022-01-05 05:48:33
4652,Notebook 4652,Sports,1000.25,741,2022-02-27 23:31:03
4653,Protein Bar 4653,Electronics,1904.44,307,2023-01-27 21:26:45
4654,T-Shirt 4654,Electronics,1649.02,568,2023-01-17 10:41:27
4655,Sneakers 4655,Fashion,1762.09,254,2023-02-09 04:39:53
4656,Coffee Maker 4656,Fashion,1852.47,714,2023-05-08 09:53:47
4657,Notebook 4657,Books,729.17,760,2021-09-28 07:59:53
4658,Protein Bar 4658,Home,1135.31,306,2022-09-01 01:53:13
4659,Keyboard 4659,Fashion,329.08,492,2022-11-06 22:50:45
4660,Keyboard 4660,Sports,1852.62,58,2021-01-30 03:52:21
4661,Protein Bar 4661,Home,1631.05,157,2023-03-06 15:34:40
4662,Protein Bar 4662,Home,1956.83,341,2022-06-02 10:17:25
4663,Backpack 4663,Electronics,619.47,498,2022-06-23 11:02:14
4664,Coffee Maker 4664,Home,1178.9,415,2022-09-06 13:06:52
4665,Protein Bar 4665,Fashion,576.5,625,2021-12-06 01:12:15
4666,Monitor 4666,Sports,322.59,334,2022-01-04 08:54:49
4667,Headphones 4667,Home,1707.13,103,2021-09-07 02:02:47
4668,Keyboard 4668,Electronics,1593.41,8,2021-12-23 20:05:07
4669,Monitor 4669,Books,859.94,918,2022-09-02 04:44:33
4670,Keyboard 4670,Beauty,1297.7,52,2022-02-23 10:47:42
4671,Laptop 4671,Home,359.26,136,2021-03-03 10:31:26
4672,T-Shirt 4672,Sports,1359.09,940,2022-01-30 21:40:50
4673,Backpack 4673,Beauty,1146.13,41,2021-05-18 08:22:23
4674,Monitor 4674,Sports,663.63,39,2022-03-02 09:25:50
4675,Headphones 4675,Electronics,1976.43,629,2022-03-05 06:50:32
4676,Laptop 4676,Fashion,1580.14,918,2021-01-22 04:30:23
4677,Protein Bar 4677,Home,219.54,607,2023-04-10 08:37:24
4678,T-Shirt 4678,Books,1674.52,73,2022-03-31 02:04:14
4679,Headphones 4679,Sports,281.54,473,2022-02-10 19:58:33
4680,Headphones 4680,Sports,319.0,794,2023-05-17 21:42:29
4681,Notebook 4681,Electronics,995.35,229,2022-10-31 08:42:45
4682,T-Shirt 4682,Electronics,789.82,346,2022-02-12 04:24:51
4683,Monitor 4683,Beauty,947.96,463,2022-02-20 04:12:00
4684,Backpack 4684,Books,616.27,669,2022-04-06 03:03:24
4685,Protein Bar 4685,Home,1614.9,240,2021-08-08 23:45:46
4686,T-Shirt 4686,Beauty,656.59,246,2021-12-18 01:56:30
4687,Coffee Maker 4687,Fashion,1407.95,37,2022-01-15 01:50:50
4688,Keyboard 4688,Electronics,1177.43,120,2022-10-09 15:29:00
4689,Monitor 4689,Electronics,1996.46,129,2021-12-08 13:52:49
4690,Monitor 4690,Beauty,151.52,788,2021-10-08 13:00:47
4691,Backpack 4691,Beauty,643.3,244,2022-02-08 20:43:41
4692,Coffee Maker 4692,Home,822.71,952,2022-02-07 22:24:11
4693,Notebook 4693,Beauty,1177.4,959,2021-06-06 22:48:36
4694,Sneakers 4694,Home,1314.08,372,2021-01-23 18:20:41
4695,Monitor 4695,Home,387.02,67,2021-04-01 15:06:18
4696,Laptop 4696,Electronics,1683.04,822,2022-03-01 22:19:37
4697,T-Shirt 4697,Home,377.19,509,2021-08-28 10:54:44
4698,Coffee Maker 4698,Beauty,1933.27,802,2022-04-19 22:36:38
4699,Backpack 4699,Home,270.14,334,2021-11-21 15:04:02
4700,Protein Bar 4700,Beauty,633.0,937,2022-04-03 11:46:26
4701,Headphones 4701,Beauty,372.0,890,2021-03-14 15:09:57
4702,Monitor 4702,Sports,834.52,498,2021-11-25 19:46:31
4703,Backpack 4703,Fashion,88.84,143,2021-09-07 10:41:57
4704,Sneakers 4704,Books,1209.82,980,2021-11-30 08:51:06
4705,T-Shirt 4705,Fashion,1442.96,427,2021-06-14 06:46:03
4706,Laptop 4706,Electronics,1264.92,728,2022-10-24 00:47:15
4707,Backpack 4707,Books,749.18,2,2023-02-20 09:18:20
4708,Keyboard 4708,Home,1544.28,992,2023-03-18 22:17:25
4709,Notebook 4709,Fashion,426.07,340,2022-06-13 05:01:51
4710,Notebook 4710,Sports,1064.08,910,2021-03-24 02:33:12
4711,Notebook 4711,Books,1226.87,626,2022-07-29 13:59:23
4712,Sneakers 4712,Home,1540.58,748,2022-09-08 12:31:36
4713,Laptop 4713,Home,1928.46,605,2021-11-30 17:06:15
4714,Notebook 4714,Sports,1079.89,773,2022-10-16 13:10:48
4715,Coffee Maker 4715,Electronics,572.55,18,2023-03-05 16:37:55
4716,Protein Bar 4716,Books,1255.95,810,2021-02-04 21:33:44
4717,Keyboard 4717,Home,1659.96,427,2021-01-22 01:01:31
4718,Coffee Maker 4718,Books,1145.94,945,2021-09-29 15:36:43
4719,Backpack 4719,Books,449.68,271,2021-02-02 19:57:34
4720,T-Shirt 4720,Beauty,1705.07,836,2021-09-03 07:37:49
4721,Sneakers 4721,Beauty,1809.24,260,2022-12-19 18:52:57
4722,Protein Bar 4722,Sports,13.55,234,2023-04-30 03:43:11
4723,Laptop 4723,Fashion,1904.26,460,2023-01-21 04:21:00
4724,Sneakers 4724,Home,9.49,48,2021-06-25 14:39:11
4725,Keyboard 4725,Sports,1072.84,921,2023-02-14 07:42:12
4726,Notebook 4726,Home,37.61,889,2022-02-04 12:04:08
4727,T-Shirt 4727,Books,1328.31,508,2021-02-01 17:49:06
4728,Headphones 4728,Fashion,1070.51,565,2023-05-24 08:32:57
4729,T-Shirt 4729,Electronics,1711.19,947,2021-05-21 13:00:37
4730,Protein Bar 4730,Books,1452.81,181,2022-01-30 06:40:34
4731,Notebook 4731,Beauty,404.51,701,2022-10-13 18:31:30
4732,Protein Bar 4732,Electronics,660.91,251,2022-08-02 16:48:01
4733,Coffee Maker 4733,Electronics,203.42,953,2021-07-08 00:48:54
4734,T-Shirt 4734,Fashion,1316.63,687,2023-01-26 15:03:52
4735,T-Shirt 4735,Home,327.91,436,2021-07-15 12:45:27
4736,Sneakers 4736,Beauty,332.0,99,2022-07-31 09:33:07
4737,T-Shirt 4737,Sports,1995.78,708,2022-09-23 11:30:17
4738,Notebook 4738,Beauty,141.84,159,2023-01-20 20:22:59
4739,Keyboard 4739,Electronics,1907.4,67,2023-04-01 01:48:56
4740,T-Shirt 4740,Fashion,231.17,462,2021-01-22 21:27:01
4741,Backpack 4741,Electronics,1003.42,855,2021-12-19 01:30:09
4742,Notebook 4742,Home,1024.01,492,2023-04-15 01:08:02
4743,Headphones 4743,Sports,1572.07,364,2021-01-04 12:09:14
4744,Keyboard 4744,Sports,356.92,825,2022-09-30 11:15:09
4745,Sneakers 4745,Books,1890.16,742,2022-10-28 13:45:55
4746,Laptop 4746,Books,1609.73,812,2022-02-18 06:43:44
4747,Keyboard 4747,Electronics,328.77,350,2023-01-09 12:54:23
4748,Monitor 4748,Books,1631.36,547,2023-03-14 13:10:58
4749,Sneakers 4749,Home,1982.27,775,2022-12-15 01:01:47
4750,Backpack 4750,Electronics,683.66,398,2023-02-04 15:38:58
4751,Protein Bar 4751,Electronics,1615.51,794,2023-02-14 05:49:26
4752,Protein Bar 4752,Fashion,339.21,635,2022-03-11 01:50:49
4753,Coffee Maker 4753,Books,1496.73,68,2021-09-13 11:31:22
4754,Sneakers 4754,Beauty,1867.92,799,2022-07-24 15:08:38
4755,Coffee Maker 4755,Books,1542.82,396,2022-05-18 03:57:37
4756,Backpack 4756,Beauty,740.9,921,2021-05-12 00:45:03
4757,Laptop 4757,Electronics,908.55,3,2022-10-08 05:59:55
4758,Headphones 4758,Sports,39.16,680,2021-02-09 12:12:01
4759,Backpack 4759,Beauty,680.76,767,2021-02-13 16:57:14
4760,Laptop 4760,Sports,1724.7,87,2023-05-30 17:50:55
4761,Monitor 4761,Electronics,1191.32,574,2021-01-23 10:11:23
4762,Keyboard 4762,Books,275.86,506,2022-08-28 08:10:14
4763,Notebook 4763,Books,1453.18,348,2022-01-15 01:09:41
4764,Keyboard 4764,Books,1622.6,805,2022-11-21 02:48:11
4765,Backpack 4765,Fashion,627.56,841,2022-07-09 00:46:06
4766,Protein Bar 4766,Sports,82.68,109,2021-01-27 06:25:05
4767,Laptop 4767,Sports,1331.32,140,2021-05-09 00:15:59
4768,T-Shirt 4768,Home,1998.57,287,2022-12-04 14:55:21
4769,Backpack 4769,Home,1962.71,998,2022-01-05 18:27:33
4770,Notebook 4770,Sports,154.85,315,2022-07-13 16:13:57
4771,T-Shirt 4771,Home,50.35,291,2021-01-27 06:03:53
4772,Backpack 4772,Fashion,1425.04,890,2021-07-29 06:11:14
4773,Monitor 4773,Books,1207.8,872,2021-08-09 19:52:48
4774,Keyboard 4774,Sports,231.18,998,2022-09-14 02:23:36
4775,T-Shirt 4775,Sports,640.03,126,2022-11-18 19:44:28
4776,Monitor 4776,Books,428.56,819,2022-08-16 18:22:09
4777,Keyboard 4777,Fashion,102.91,318,2021-06-03 22:11:16
4778,Notebook 4778,Books,1826.38,81,2022-10-18 10:32:56
4779,Notebook 4779,Books,1741.25,559,2021-01-15 15:18:42
4780,T-Shirt 4780,Books,1317.51,102,2021-07-09 02:45:14
4781,Protein Bar 4781,Electronics,627.22,899,2022-10-18 20:34:58
4782,Protein Bar 4782,Electronics,1317.51,275,2022-03-05 21:55:56
4783,Laptop 4783,Fashion,142.15,971,2022-05-20 02:01:42
4784,Headphones 4784,Electronics,218.12,488,2022-01-14 12:20:59
4785,Laptop 4785,Home,1619.95,415,2022-03-13 03:16:20
4786,Notebook 4786,Electronics,532.24,605,2021-12-11 20:38:23
4787,Notebook 4787,Fashion,168.61,172,2022-03-27 06:26:02
4788,Monitor 4788,Beauty,1836.74,717,2021-03-26 03:14:53
4789,Keyboard 4789,Beauty,1625.44,481,2021-12-05 12:51:59
4790,Sneakers 4790,Beauty,1417.78,173,2021-12-14 01:10:25
4791,Notebook 4791,Fashion,1979.35,5,2022-08-14 14:13:45
4792,Notebook 4792,Sports,1155.5,747,2022-03-22 10:06:47
4793,Sneakers 4793,Home,1097.39,60,2022-12-04 21:06:16
4794,Protein Bar 4794,Fashion,1228.45,397,2022-02-24 10:38:09
4795,Sneakers 4795,Books,588.95,139,2023-02-07 19:42:51
4796,Protein Bar 4796,Books,826.03,592,2022-07-20 23:01:04
4797,T-Shirt 4797,Sports,501.82,876,2022-05-13 22:23:37
4798,Keyboard 4798,Beauty,843.35,663,2021-09-25 02:50:36
4799,Headphones 4799,Home,7.9,117,2021-03-18 16:27:37
4800,Protein Bar 4800,Books,386.37,259,2022-08-12 11:27:12
4801,Monitor 4801,Books,372.79,656,2021-09-25 07:13:37
4802,Headphones 4802,Electronics,1934.51,254,2021-04-25 02:13:22
4803,Monitor 4803,Beauty,85.21,255,2022-09-07 08:27:47
4804,Laptop 4804,Beauty,149.04,404,2021-12-03 19:46:45
4805,Monitor 4805,Fashion,556.72,115,2023-02-09 05:55:23
4806,Headphones 4806,Electronics,1305.45,734,2023-01-29 22:51:30
4807,Keyboard 4807,Beauty,32.45,109,2023-03-26 16:06:40
4808,Backpack 4808,Fashion,896.91,150,2022-03-14 00:32:26
4809,Keyboard 4809,Sports,653.6,420,2021-10-25 00:28:03
4810,Protein Bar 4810,Beauty,1040.14,281,2022-05-10 20:23:45
4811,Coffee Maker 4811,Beauty,407.09,650,2021-05-02 17:06:17
4812,Monitor 4812,Fashion,781.48,192,2021-05-03 22:40:56
4813,Sneakers 4813,Home,980.38,280,2022-07-04 19:31:15
4814,Protein Bar 4814,Electronics,507.96,443,2023-02-21 11:00:03
4815,Coffee Maker 4815,Fashion,127.5,910,2022-07-28 20:22:59
4816,Laptop 4816,Beauty,920.2,296,2022-07-04 16:09:47
4817,Sneakers 4817,Home,225.28,294,2021-07-21 15:06:28
4818,Monitor 4818,Sports,562.26,436,2022-01-21 23:48:47
4819,Laptop 4819,Home,1572.46,542,2022-04-29 14:43:32
4820,Keyboard 4820,Books,911.59,310,2022-10-01 21:06:57
4821,Sneakers 4821,Home,405.84,884,2023-03-05 23:11:15
4822,T-Shirt 4822,Home,1927.2,276,2021-06-09 15:01:45
4823,Monitor 4823,Home,445.03,926,2023-03-07 17:52:54
4824,Monitor 4824,Electronics,1563.11,660,2022-12-30 19:27:10
4825,Coffee Maker 4825,Home,441.65,971,2022-08-08 11:09:33
4826,Notebook 4826,Books,1285.57,148,2022-03-07 08:50:22
4827,Keyboard 4827,Sports,1443.88,534,2021-09-02 02:32:27
4828,T-Shirt 4828,Beauty,202.18,882,2022-01-04 09:25:08
4829,Notebook 4829,Sports,1494.07,20,2022-01-04 19:02:14
4830,Keyboard 4830,Books,1914.52,109,2021-09-08 02:13:05
4831,Sneakers 4831,Sports,507.94,250,2021-11-27 04:48:38
4832,Notebook 4832,Books,1150.96,946,2021-01-24 00:39:17
4833,Notebook 4833,Fashion,1256.9,1000,2022-01-01 01:35:19
4834,Notebook 4834,Electronics,302.45,20,2021-12-28 00:34:14
4835,Backpack 4835,Beauty,1540.52,429,2023-02-21 07:38:27
4836,Headphones 4836,Sports,7.91,198,2022-11-07 10:10:19
4837,Monitor 4837,Electronics,1466.57,738,2023-04-20 14:31:48
4838,Protein Bar 4838,Sports,1393.57,278,2022-06-07 21:33:49
4839,Headphones 4839,Fashion,1259.55,685,2023-01-13 17:25:28
4840,Headphones 4840,Books,1130.22,98,2023-03-19 07:27:39
4841,Protein Bar 4841,Home,1251.12,911,2022-08-13 20:42:14
4842,Sneakers 4842,Sports,96.38,344,2022-04-29 19:00:03
4843,Backpack 4843,Home,1519.06,545,2023-04-19 17:11:44
4844,Backpack 4844,Home,459.02,980,2022-07-10 11:52:17
4845,Notebook 4845,Electronics,1381.01,105,2022-07-13 04:44:12
4846,Headphones 4846,Fashion,466.45,887,2021-06-13 18:47:52
4847,Laptop 4847,Fashion,936.83,547,2022-05-05 19:47:24
4848,Keyboard 4848,Electronics,1363.52,999,2022-06-24 08:17:34
4849,Notebook 4849,Home,1438.27,226,2022-02-24 08:52:47
4850,Sneakers 4850,Fashion,744.9,37,2022-12-22 18:10:11
4851,T-Shirt 4851,Electronics,1836.82,418,2023-05-28 13:29:25
4852,Keyboard 4852,Sports,1287.82,911,2021-01-12 17:20:43
4853,Coffee Maker 4853,Fashion,191.5,945,2021-12-16 10:06:49
4854,Sneakers 4854,Books,241.96,824,2022-08-31 23:33:13
4855,T-Shirt 4855,Books,1076.1,644,2021-09-11 17:34:50
4856,Sneakers 4856,Electronics,954.64,283,2022-02-12 03:46:09
4857,Notebook 4857,Fashion,1316.31,712,2023-01-21 14:49:02
4858,Laptop 4858,Home,1635.05,221,2021-10-11 09:50:14
4859,Protein Bar 4859,Sports,204.69,515,2021-11-28 12:42:39
4860,Headphones 4860,Fashion,1850.0,284,2022-09-11 13:07:17
4861,Laptop 4861,Home,1394.28,957,2021-07-05 22:24:28
4862,Backpack 4862,Home,1114.79,168,2021-08-23 07:02:40
4863,Laptop 4863,Beauty,199.53,642,2022-11-25 19:22:32
4864,Headphones 4864,Electronics,1336.26,197,2021-12-14 20:38:10
4865,Monitor 4865,Fashion,472.27,46,2022-12-14 14:20:32
4866,Monitor 4866,Fashion,1655.42,202,2021-05-11 12:44:45
4867,Monitor 4867,Sports,924.41,677,2021-12-03 18:50:09
4868,Coffee Maker 4868,Fashion,1239.2,32,2022-09-27 07:20:20
4869,Keyboard 4869,Beauty,1824.92,209,2022-02-14 22:29:54
4870,Backpack 4870,Beauty,1514.4,779,2022-11-28 05:45:20
4871,T-Shirt 4871,Beauty,866.49,704,2022-06-16 19:47:02
4872,Keyboard 4872,Fashion,950.09,7,2023-05-11 04:15:26
4873,Monitor 4873,Sports,75.08,179,2022-02-22 20:53:57
4874,Protein Bar 4874,Electronics,174.23,161,2021-07-31 16:14:33
4875,Sneakers 4875,Electronics,311.71,111,2022-03-29 12:51:15
4876,Protein Bar 4876,Fashion,1400.88,170,2022-03-26 10:42:51
4877,T-Shirt 4877,Beauty,1042.92,568,2022-02-03 03:25:34
4878,Notebook 4878,Books,1798.46,939,2022-01-09 11:35:58
4879,Headphones 4879,Sports,1773.34,161,2021-04-24 11:45:44
4880,Headphones 4880,Books,1322.73,220,2022-08-22 21:56:42
4881,Coffee Maker 4881,Home,348.41,856,2022-05-07 18:39:27
4882,Coffee Maker 4882,Sports,634.88,620,2021-03-17 06:03:51
4883,Sneakers 4883,Beauty,1597.61,855,2022-06-23 01:22:47
4884,Laptop 4884,Fashion,814.6,384,2021-04-27 11:22:18
4885,Notebook 4885,Home,1854.86,895,2023-01-02 00:42:49
4886,Headphones 4886,Electronics,1594.22,129,2023-05-13 08:46:34
4887,Laptop 4887,Fashion,1475.32,546,2023-02-27 13:36:00
4888,Keyboard 4888,Books,961.25,931,2021-12-20 23:37:18
4889,Headphones 4889,Beauty,1476.54,138,2023-05-28 01:18:46
4890,Laptop 4890,Books,363.69,896,2023-05-21 19:26:21
4891,Sneakers 4891,Fashion,484.76,51,2022-10-02 07:17:20
4892,Notebook 4892,Books,1089.62,75,2022-01-06 09:16:31
4893,Sneakers 4893,Books,1106.79,347,2021-10-03 16:01:48
4894,Notebook 4894,Books,191.61,267,2021-10-27 19:43:13
4895,Backpack 4895,Books,276.68,182,2022-08-28 17:20:51
4896,Laptop 4896,Home,983.56,858,2021-10-01 07:21:27
4897,Sneakers 4897,Fashion,1606.73,225,2022-07-11 23:51:44
4898,Keyboard 4898,Books,299.91,452,2022-11-23 04:45:25
4899,Keyboard 4899,Home,1443.24,559,2021-02-02 22:28:15
4900,Keyboard 4900,Beauty,1521.48,471,2022-12-12 18:59:40
4901,Monitor 4901,Beauty,556.24,867,2022-05-16 21:06:57
4902,Backpack 4902,Electronics,71.05,11,2023-03-22 02:18:34
4903,Laptop 4903,Beauty,1383.31,883,2021-01-08 07:23:38
4904,Laptop 4904,Electronics,648.38,775,2023-02-11 21:05:37
4905,Headphones 4905,Electronics,169.85,194,2021-12-03 08:23:32
4906,Coffee Maker 4906,Electronics,880.76,915,2021-01-16 17:32:50
4907,Notebook 4907,Beauty,746.22,806,2022-11-24 00:51:05
4908,Headphones 4908,Electronics,1439.85,361,2021-02-14 11:58:52
4909,Backpack 4909,Home,1346.0,813,2021-07-01 04:46:45
4910,Notebook 4910,Beauty,583.27,299,2021-10-24 09:31:22
4911,T-Shirt 4911,Fashion,174.66,832,2021-03-25 02:23:47
4912,Monitor 4912,Books,1337.95,552,2023-01-09 20:17:58
4913,Coffee Maker 4913,Sports,984.82,932,2023-04-03 04:08:06
4914,Keyboard 4914,Fashion,355.57,781,2022-09-09 17:38:10
4915,T-Shirt 4915,Books,1245.2,43,2022-02-05 20:17:44
4916,Backpack 4916,Home,940.4,519,2022-07-02 04:33:53
4917,Protein Bar 4917,Home,57.37,613,2023-03-26 02:29:05
4918,Laptop 4918,Electronics,1325.76,907,2023-04-28 04:01:03
4919,Sneakers 4919,Home,693.98,349,2021-04-14 15:58:16
4920,Keyboard 4920,Sports,1449.18,281,2022-05-03 00:10:17
4921,Notebook 4921,Fashion,813.34,576,2021-04-25 00:57:08
4922,Keyboard 4922,Fashion,828.88,816,2023-01-19 02:36:55
4923,T-Shirt 4923,Books,459.55,329,2022-03-24 02:46:06
4924,Backpack 4924,Beauty,102.75,317,2022-10-25 23:33:10
4925,Monitor 4925,Books,753.77,42,2022-06-04 07:25:59
4926,Notebook 4926,Beauty,83.56,481,2022-07-07 00:07:16
4927,Laptop 4927,Home,419.79,420,2021-06-20 04:25:48
4928,Headphones 4928,Books,1118.73,632,2021-12-10 07:15:47
4929,Backpack 4929,Electronics,1545.87,797,2022-05-15 10:16:05
4930,Notebook 4930,Fashion,255.9,62,2023-05-26 04:55:52
4931,T-Shirt 4931,Electronics,1856.64,886,2021-07-21 08:27:25
4932,Protein Bar 4932,Sports,1670.62,127,2023-05-02 01:19:30
4933,Notebook 4933,Books,1478.32,267,2022-10-23 07:53:49
4934,T-Shirt 4934,Beauty,359.0,971,2022-08-03 11:09:25
4935,Coffee Maker 4935,Home,1761.51,254,2021-09-22 17:56:17
4936,Notebook 4936,Fashion,759.29,782,2022-02-18 19:17:58
4937,Sneakers 4937,Books,1297.25,409,2023-01-14 13:42:02
4938,T-Shirt 4938,Fashion,313.95,67,2022-03-05 16:54:30
4939,Monitor 4939,Beauty,803.16,694,2022-06-07 01:06:59
4940,T-Shirt 4940,Beauty,345.89,585,2021-01-07 02:37:40
4941,T-Shirt 4941,Home,598.69,21,2022-02-05 12:40:38
4942,Sneakers 4942,Home,1514.18,133,2023-03-26 01:41:24
4943,Backpack 4943,Beauty,1451.83,541,2022-10-13 07:09:10
4944,Protein Bar 4944,Fashion,212.67,983,2021-04-16 11:46:47
4945,T-Shirt 4945,Electronics,926.62,41,2022-11-01 18:16:03
4946,Protein Bar 4946,Sports,1891.18,646,2022-03-31 00:23:06
4947,Protein Bar 4947,Fashion,712.58,768,2022-05-07 05:47:22
4948,Backpack 4948,Sports,1733.22,43,2022-04-14 11:35:09
4949,Monitor 4949,Home,1578.37,738,2022-10-29 02:13:41
4950,Backpack 4950,Sports,1089.22,191,2021-07-14 10:15:49
4951,T-Shirt 4951,Fashion,1918.64,933,2023-04-08 03:32:18
4952,Laptop 4952,Beauty,173.79,386,2022-12-20 02:57:14
4953,T-Shirt 4953,Home,1585.23,883,2022-04-19 04:27:53
4954,T-Shirt 4954,Books,1153.54,834,2021-04-07 20:34:58
4955,Notebook 4955,Books,1832.97,23,2021-06-18 14:47:37
4956,Sneakers 4956,Beauty,222.39,247,2023-02-07 03:07:04
4957,Notebook 4957,Beauty,1004.43,182,2022-12-25 00:58:07
4958,T-Shirt 4958,Sports,1452.36,137,2021-08-31 03:32:57
4959,Coffee Maker 4959,Books,1664.35,63,2021-03-30 16:24:09
4960,Backpack 4960,Electronics,582.94,654,2021-05-19 06:14:57
4961,Laptop 4961,Sports,481.44,938,2022-04-16 06:45:57
4962,Sneakers 4962,Fashion,1939.62,843,2022-06-13 05:49:49
4963,Backpack 4963,Fashion,1657.91,263,2022-11-02 19:59:21
4964,Headphones 4964,Sports,1767.54,125,2023-03-01 05:07:43
4965,Protein Bar 4965,Beauty,447.65,144,2021-04-29 08:00:42
4966,Keyboard 4966,Electronics,193.68,614,2022-02-17 13:55:57
4967,Coffee Maker 4967,Books,935.57,899,2021-02-02 11:02:01
4968,Keyboard 4968,Books,101.42,999,2022-08-27 00:41:49
4969,Sneakers 4969,Fashion,1188.67,646,2023-02-19 04:38:18
4970,Sneakers 4970,Home,437.48,414,2022-11-13 01:43:09
4971,Backpack 4971,Fashion,83.23,416,2021-11-25 03:31:55
4972,Laptop 4972,Beauty,158.3,85,2021-07-22 13:46:42
4973,Headphones 4973,Books,995.85,984,2023-04-09 13:44:07
4974,Backpack 4974,Home,195.14,983,2022-06-09 19:22:28
4975,Notebook 4975,Home,1558.93,737,2023-03-24 15:54:34
4976,Notebook 4976,Electronics,26.29,189,2023-01-29 17:27:47
4977,Sneakers 4977,Electronics,1994.54,30,2022-03-01 23:33:26
4978,Headphones 4978,Electronics,672.5,424,2022-10-21 11:56:30
4979,Keyboard 4979,Books,260.17,611,2023-04-26 02:30:53
4980,Notebook 4980,Electronics,492.55,386,2022-07-04 12:23:29
4981,Backpack 4981,Home,1275.48,509,2021-05-07 04:00:29
4982,T-Shirt 4982,Beauty,570.88,610,2022-08-25 23:21:48
4983,Keyboard 4983,Beauty,1816.33,938,2022-06-25 07:07:09
4984,Laptop 4984,Books,1361.84,401,2022-06-19 16:20:21
4985,Backpack 4985,Books,1585.2,137,2021-10-02 19:10:02
4986,Laptop 4986,Electronics,625.9,72,2022-03-22 21:00:33
4987,Keyboard 4987,Books,1280.38,588,2023-04-08 09:16:25
4988,T-Shirt 4988,Electronics,1080.76,231,2021-08-26 08:35:46
4989,Sneakers 4989,Home,1062.13,351,2021-08-21 09:12:16
4990,Laptop 4990,Books,282.89,417,2022-05-21 13:37:09
4991,Sneakers 4991,Fashion,1630.82,161,2023-04-17 09:31:44
4992,Sneakers 4992,Books,1205.92,151,2021-02-03 14:39:04
4993,Keyboard 4993,Fashion,905.33,343,2021-09-06 14:14:05
4994,Backpack 4994,Home,158.11,261,2022-05-08 04:31:09
4995,Laptop 4995,Beauty,1493.3,748,2021-10-08 18:43:15
4996,T-Shirt 4996,Fashion,1041.76,417,2021-05-30 01:10:26
4997,Laptop 4997,Sports,1262.8,796,2021-10-11 13:26:11
4998,Backpack 4998,Fashion,987.29,404,2021-01-17 21:21:44
4999,Protein Bar 4999,Home,1932.74,761,2023-02-04 19:34:25
5000,Laptop 5000,Books,1388.9,119,2021-03-15 21:18:37
